,school_id,prob_fail,prob_pass
0,136745,34.377201080322266,65.62279510498047
1,108468,43.0827522277832,56.91724395751953
2,109056,62.2401123046875,37.759891510009766
3,107083,4.24166202545166,95.75834655761719
4,136526,59.91669464111328,40.083309173583984
5,106058,18.957416534423828,81.0425796508789
6,107798,16.829715728759766,83.17028045654297
7,104464,73.39271545410156,26.607284545898438
8,106249,5.253170967102051,94.74683380126953
9,108636,79.10095977783203,20.899038314819336
10,109058,77.47944641113281,22.52055549621582
11,108125,11.98552131652832,88.01448059082031
12,136776,84.89010620117188,15.109899520874023
13,108889,79.6896743774414,20.31032371520996
14,108609,61.60188293457031,38.39811706542969
15,109069,55.55250549316406,44.44749450683594
16,109073,78.78638458251953,21.21361541748047
17,109367,63.778316497802734,36.22168731689453
18,107529,64.89048767089844,35.10951232910156
19,109136,58.39376449584961,41.60622787475586
20,107598,54.2458610534668,45.75414276123047
21,109262,78.03471374511719,21.965286254882812
22,108677,57.36690139770508,42.63310241699219
23,107724,7.545497417449951,92.45450592041016
24,108004,36.41277313232422,63.58723068237305
25,109838,94.8602523803711,5.139741897583008
26,104436,57.078407287597656,42.921592712402344
27,109556,43.384525299072266,56.615478515625
28,108734,55.171592712402344,44.82840347290039
29,104658,9.341938018798828,90.65806579589844
30,164506,48.003578186035156,51.99641418457031
31,108719,82.3177490234375,17.682249069213867
32,109096,61.5481071472168,38.45189666748047
33,108782,83.11341094970703,16.88658905029297
34,108984,67.34297943115234,32.65701675415039
35,305398,31.264663696289062,68.73533630371094
36,136724,70.29801177978516,29.70199203491211
37,108318,62.63844299316406,37.36155700683594
38,107637,27.654752731323242,72.34524536132812
39,136649,49.25739669799805,50.74259567260742
40,136488,62.68602752685547,37.31397247314453
41,109264,26.66315460205078,73.33684539794922
42,108538,40.8743782043457,59.1256217956543
43,109098,65.70263671875,34.297367095947266
44,108465,33.79432678222656,66.2056655883789
45,109863,61.38364791870117,38.61635208129883
46,108759,57.878475189208984,42.12152099609375
47,136749,58.03424835205078,41.96575164794922
48,107587,37.32936477661133,62.6706428527832
49,108021,76.14513397216797,23.85487174987793
50,136816,48.1066780090332,51.8933219909668
51,109097,44.383216857910156,55.616783142089844
52,136905,85.3377914428711,14.66220760345459
53,109525,57.04389190673828,42.95610046386719
54,165514,46.36830139160156,53.63169860839844
55,164504,50.47215270996094,49.52785110473633
56,109536,50.239627838134766,49.760372161865234
57,108020,84.3636474609375,15.636350631713867
58,109493,75.43785858154297,24.562135696411133
59,107023,60.8690185546875,39.1309814453125
60,136564,69.94856262207031,30.051433563232422
61,108661,74.92131042480469,25.078693389892578
62,136770,59.39582061767578,40.60417556762695
63,136772,20.833919525146484,79.16607666015625
64,107186,11.56112289428711,88.43888092041016
65,109015,45.1180534362793,54.8819465637207
66,136670,57.989234924316406,42.01076126098633
67,109479,51.10162353515625,48.89836883544922
68,108997,66.35832214355469,33.64167785644531
69,108188,38.023353576660156,61.976646423339844
70,108632,62.50612258911133,37.49388122558594
71,104425,58.799163818359375,41.20083236694336
72,109170,84.01603698730469,15.983960151672363
73,108796,56.85612487792969,43.14387512207031
74,107916,53.591697692871094,46.40830612182617
75,108965,48.47138595581055,51.52861404418945
76,104913,72.16464233398438,27.835357666015625
77,109624,41.598968505859375,58.40103530883789
78,108327,80.7425765991211,19.257423400878906
79,136546,76.43194580078125,23.568056106567383
80,104673,12.425606727600098,87.57438659667969
81,109631,60.56792068481445,39.43207931518555
82,108192,34.58656311035156,65.41343688964844
83,108378,40.0852165222168,59.91478729248047
84,108236,67.55965423583984,32.440345764160156
85,109208,51.4730110168457,48.52699279785156
86,108225,93.96385192871094,6.03614616394043
87,109517,52.72124481201172,47.278751373291016
88,109046,69.10237121582031,30.897628784179688
89,223512,69.11483764648438,30.885162353515625
90,108799,73.13168334960938,26.868322372436523
91,109297,61.66046905517578,38.339534759521484
92,109117,67.40814208984375,32.59185791015625
93,107416,23.5823917388916,76.41761016845703
94,105895,5.678886413574219,94.32112121582031
95,108207,88.88130950927734,11.118695259094238
96,107064,46.747745513916016,53.252262115478516
97,164003,57.96273422241211,42.037269592285156
98,108022,60.68803024291992,39.311973571777344
99,136436,71.80357360839844,28.196426391601562
100,109748,96.80905151367188,3.190950632095337
101,109711,85.35877227783203,14.641226768493652
102,108668,77.41885375976562,22.581144332885742
103,108720,31.464296340942383,68.53570556640625
104,167502,92.35784149169922,7.642152786254883
105,109822,47.530025482177734,52.469974517822266
106,136795,79.30754852294922,20.69244956970215
107,136739,60.38855743408203,39.61144256591797
108,163515,26.858198165893555,73.14179992675781
109,108124,1.1953392028808594,98.8046646118164
110,109340,57.43084716796875,42.569156646728516
111,164517,75.94960021972656,24.050399780273438
112,136529,95.75514221191406,4.244855880737305
113,136573,64.31436157226562,35.68564224243164
114,109274,70.14379119873047,29.856204986572266
115,108622,94.9872817993164,5.012714862823486
116,108787,65.08358764648438,34.916412353515625
117,105981,0.9335428476333618,99.06645965576172
118,108747,50.07508850097656,49.92491149902344
119,108387,84.20912170410156,15.790878295898438
120,104458,49.928829193115234,50.07117462158203
121,109327,87.94633483886719,12.053666114807129
122,109356,52.231109619140625,47.768890380859375
123,109542,74.66471099853516,25.335289001464844
124,108633,84.15640258789062,15.843603134155273
125,107521,21.088829040527344,78.91117095947266
126,109829,59.235191345214844,40.76480484008789
127,136508,42.62882614135742,57.37117385864258
128,105811,1.5099217891693115,98.49008178710938
129,136862,51.64042663574219,48.35957717895508
130,108924,38.70645523071289,61.293548583984375
131,108305,81.6148681640625,18.385133743286133
132,106188,19.787797927856445,80.21219635009766
133,136674,83.83432006835938,16.16567611694336
134,108541,70.9664306640625,29.0335693359375
135,109238,53.70238494873047,46.2976188659668
136,108524,79.95342254638672,20.04657554626465
137,136642,39.927005767822266,60.073001861572266
138,104873,22.593507766723633,77.40648651123047
139,104477,57.680938720703125,42.319061279296875
140,164523,40.51057815551758,59.48942184448242
141,109086,77.4031753540039,22.596826553344727
142,107668,1.9305063486099243,98.06950378417969
143,109519,68.46377563476562,31.536224365234375
144,108977,83.2193603515625,16.7806453704834
145,109568,54.19060516357422,45.809391021728516
146,107055,65.5987777709961,34.40121841430664
147,109197,69.71192932128906,30.288066864013672
148,109837,88.09197998046875,11.908021926879883
149,136521,82.38905334472656,17.610944747924805
150,240003,25.51141929626465,74.48857879638672
151,136790,62.31925582885742,37.680747985839844
152,108679,34.865821838378906,65.13418579101562
153,136762,51.864593505859375,48.135406494140625
154,107129,17.529720306396484,82.47028350830078
155,108839,75.54456329345703,24.45543670654297
156,164528,54.565757751464844,45.43424606323242
157,108512,75.3222427368164,24.677757263183594
158,107115,19.03137969970703,80.96862030029297
159,108358,50.64250946044922,49.35749435424805
160,106121,8.738418579101562,91.26158142089844
161,109855,59.27476119995117,40.72523498535156
162,107949,56.729000091552734,43.27100372314453
163,106105,14.877179145812988,85.1228256225586
164,109203,39.737525939941406,60.26247024536133
165,107593,52.28069305419922,47.71930694580078
166,108107,8.123804092407227,91.8761978149414
167,108876,67.27519226074219,32.72480773925781
168,136543,96.79874420166016,3.20125412940979
169,104863,25.587337493896484,74.41265869140625
170,104930,62.466793060302734,37.533206939697266
171,107180,33.77107238769531,66.22892761230469
172,136714,36.96025085449219,63.03974914550781
173,104905,42.65041732788086,57.349586486816406
174,108074,26.584896087646484,73.41510772705078
175,136634,34.20871353149414,65.7912826538086
176,108838,85.74650573730469,14.253491401672363
177,107232,33.56792068481445,66.43208312988281
178,109600,21.58411979675293,78.41588592529297
179,136897,61.550819396972656,38.449180603027344
180,108286,48.337650299072266,51.662349700927734
181,108928,64.44969940185547,35.55030059814453
182,108884,72.1130599975586,27.88694190979004
183,165004,64.39826202392578,35.60173416137695
184,108455,69.773193359375,30.226808547973633
185,107177,18.883644104003906,81.1163558959961
186,109257,79.82177734375,20.178224563598633
187,136511,58.97846984863281,41.02152633666992
188,109361,38.11796951293945,61.88203048706055
189,109642,21.97150230407715,78.02849578857422
190,108161,36.52634811401367,63.473655700683594
191,105930,7.120854377746582,92.879150390625
192,106751,40.27145767211914,59.728546142578125
193,136514,68.09121704101562,31.908782958984375
194,108620,90.37793731689453,9.622060775756836
195,108270,59.43737030029297,40.5626220703125
196,136504,34.735713958740234,65.2642822265625
197,109174,35.1700553894043,64.82994842529297
198,109580,29.432228088378906,70.5677719116211
199,109202,71.6531753540039,28.346818923950195
200,107616,21.127166748046875,78.87283325195312
201,104459,22.621259689331055,77.37873840332031
202,107131,48.2560920715332,51.7439079284668
203,107638,40.882041931152344,59.11796188354492
204,107953,52.25809097290039,47.74190902709961
205,106694,29.015609741210938,70.98439025878906
206,109464,34.91556167602539,65.08443450927734
207,136726,74.658935546875,25.341064453125
208,108232,53.24000549316406,46.75999450683594
209,159538,3.6437153816223145,96.35629272460938
210,109505,72.60472106933594,27.395275115966797
211,108095,48.09856033325195,51.90144348144531
212,105927,51.15719985961914,48.84280014038086
213,106108,4.0366106033325195,95.96338653564453
214,136720,78.44862365722656,21.551376342773438
215,109595,10.10490608215332,89.89508819580078
216,106082,15.615184783935547,84.38481140136719
217,109338,38.11049270629883,61.88951110839844
218,136900,76.6180419921875,23.381959915161133
219,136821,37.5092887878418,62.49070739746094
220,108496,53.056949615478516,46.94304656982422
221,107966,63.3311882019043,36.668819427490234
222,109623,44.3966178894043,55.60337829589844
223,104522,45.8784294128418,54.1215705871582
224,109002,78.4920425415039,21.507951736450195
225,136698,75.26258087158203,24.737415313720703
226,108725,56.01918029785156,43.9808235168457
227,108934,42.444725036621094,57.55527114868164
228,108460,55.0847282409668,44.91526412963867
229,136756,71.56043243408203,28.439565658569336
230,108499,60.374176025390625,39.62582778930664
231,109245,31.82327651977539,68.17671966552734
232,107912,41.945777893066406,58.05421447753906
233,109716,84.24602508544922,15.753982543945312
234,108374,80.64542388916016,19.354572296142578
235,136752,70.30316925048828,29.69682502746582
236,108708,61.34160232543945,38.65839767456055
237,136705,53.385860443115234,46.6141357421875
238,106724,13.829853057861328,86.17015075683594
239,109672,39.06867980957031,60.93132400512695
240,107536,43.09116744995117,56.90883255004883
241,107971,48.650367736816406,51.349632263183594
242,109491,69.06269073486328,30.937305450439453
243,108246,82.4937515258789,17.50624656677246
244,109851,59.18986892700195,40.81013870239258
245,136644,72.23514556884766,27.764850616455078
246,108674,26.30388069152832,73.69612121582031
247,109751,30.306171417236328,69.6938247680664
248,109739,41.77019119262695,58.22980880737305
249,108072,66.94923400878906,33.0507698059082
250,109089,69.97293853759766,30.02705955505371
251,136638,36.860076904296875,63.13992691040039
252,107165,82.21558380126953,17.784414291381836
253,108993,72.35301971435547,27.64698600769043
254,104419,60.279380798339844,39.720611572265625
255,109720,87.29821014404297,12.701788902282715
256,164017,83.02884674072266,16.971153259277344
257,108574,65.76900482177734,34.230995178222656
258,108658,67.4432373046875,32.5567626953125
259,108067,40.567543029785156,59.43245315551758
260,108922,61.13480758666992,38.86519241333008
261,165006,32.191917419433594,67.8080825805664
262,109416,58.64594650268555,41.354061126708984
263,105170,83.12117004394531,16.87883758544922
264,136496,63.94152069091797,36.0584831237793
265,109061,54.15264892578125,45.847347259521484
266,108478,50.28984451293945,49.710147857666016
267,136441,16.8951416015625,83.1048583984375
268,109157,55.76473617553711,44.23526382446289
269,108635,53.06459045410156,46.93540573120117
270,109614,46.3399658203125,53.6600341796875
271,230002,83.58313751220703,16.416866302490234
272,109243,61.50929260253906,38.49070739746094
273,222501,97.02731323242188,2.972686767578125
274,109216,58.860172271728516,41.139827728271484
275,162506,39.55412292480469,60.44588088989258
276,108982,80.40902709960938,19.59097671508789
277,108355,36.713714599609375,63.286293029785156
278,109042,86.05754089355469,13.942461013793945
279,109510,39.93281936645508,60.06718444824219
280,108228,75.0635986328125,24.9363956451416
281,109730,67.31099700927734,32.68900680541992
282,104429,50.37970733642578,49.62029266357422
283,108729,60.04866409301758,39.95133590698242
284,136903,57.35171890258789,42.64828109741211
285,108261,57.57695007324219,42.42305374145508
286,136701,45.30327224731445,54.69672775268555
287,107925,65.93684387207031,34.06315994262695
288,108614,71.69390106201172,28.30609893798828
289,136904,87.97325134277344,12.026742935180664
290,136423,42.59427261352539,57.40572738647461
291,108688,78.39970397949219,21.60029411315918
292,108526,70.97703552246094,29.02297019958496
293,108862,80.82815551757812,19.171844482421875
294,136538,71.26362609863281,28.736370086669922
295,136683,91.66960906982422,8.330389976501465
296,108737,45.94257354736328,54.057430267333984
297,108649,75.63749694824219,24.36250877380371
298,163003,65.5720443725586,34.427947998046875
299,108179,60.508113861083984,39.49188232421875
300,108381,82.35689544677734,17.643108367919922
301,108976,91.05308532714844,8.946910858154297
302,109397,87.09803771972656,12.901958465576172
303,109291,67.25979614257812,32.740203857421875
304,136470,48.92135238647461,51.07864761352539
305,104667,54.561424255371094,45.43858337402344
306,108651,76.4344711303711,23.565534591674805
307,107022,25.881736755371094,74.1182632446289
308,109241,79.87910461425781,20.12089729309082
309,108217,94.192626953125,5.807375431060791
310,104662,37.23179626464844,62.76820373535156
311,105725,25.075143814086914,74.92485809326172
312,136598,65.70104217529297,34.29895782470703
313,108154,18.6019287109375,81.39806365966797
314,109581,31.800460815429688,68.19953918457031
315,109355,37.60661315917969,62.39338684082031
316,109182,64.11927032470703,35.8807373046875
317,136574,85.52519989013672,14.47479248046875
318,109122,77.90074920654297,22.09925651550293
319,109276,58.892601013183594,41.10739517211914
320,109019,69.6095199584961,30.39048957824707
321,109198,70.87991333007812,29.120080947875977
322,108951,77.16697692871094,22.83302879333496
323,109462,69.33736419677734,30.66263771057129
324,159545,17.98243522644043,82.01756286621094
325,106966,17.891143798828125,82.1088638305664
326,136669,55.848079681396484,44.151920318603516
327,164513,97.1478500366211,2.8521475791931152
328,108738,59.95863723754883,40.04136657714844
329,108528,70.35765838623047,29.642343521118164
330,136915,52.14325714111328,47.85673904418945
331,136741,18.068248748779297,81.93175506591797
332,108682,80.56033325195312,19.439672470092773
333,108062,71.41145324707031,28.588539123535156
334,106236,14.189319610595703,85.81068420410156
335,104497,51.4448356628418,48.5551643371582
336,109328,52.20687484741211,47.793128967285156
337,108639,81.44827270507812,18.551727294921875
338,109253,78.1507568359375,21.849246978759766
339,136602,67.4263687133789,32.573631286621094
340,109050,69.31352233886719,30.686473846435547
341,108750,68.47713470458984,31.52286148071289
342,109142,54.292823791503906,45.707176208496094
343,136476,54.522335052490234,45.477664947509766
344,136461,50.45793151855469,49.54207229614258
345,108494,70.71759033203125,29.28240966796875
346,108506,71.76722717285156,28.232769012451172
347,109153,28.197547912597656,71.80245208740234
348,105154,44.505802154541016,55.49420166015625
349,107534,41.88011932373047,58.11988830566406
350,108143,9.6608247756958,90.33917999267578
351,107903,42.05916213989258,57.94084167480469
352,136616,54.909603118896484,45.09040069580078
353,136596,72.77886199951172,27.22113800048828
354,108757,71.33870697021484,28.66128921508789
355,108208,64.73426055908203,35.26573944091797
356,109271,77.5080795288086,22.491920471191406
357,108409,37.497398376464844,62.50260543823242
358,108069,67.77678680419922,32.22321701049805
359,105939,7.315356254577637,92.68464660644531
360,108511,66.76556396484375,33.23443603515625
361,136617,31.607982635498047,68.39202117919922
362,108657,69.12037658691406,30.87962532043457
363,109691,19.93914794921875,80.06085205078125
364,104760,19.957225799560547,80.04277801513672
365,105986,3.354583978652954,96.64542388916016
366,107555,53.07965850830078,46.92034912109375
367,107632,57.41874694824219,42.58125686645508
368,109736,72.6786880493164,27.32131576538086
369,109833,86.63308715820312,13.36691665649414
370,136911,74.92243957519531,25.077566146850586
371,109134,76.55339050292969,23.44660758972168
372,136843,63.662139892578125,36.337860107421875
373,106113,10.481087684631348,89.51891326904297
374,164010,80.6844253540039,19.31557846069336
375,109326,64.86431121826172,35.135684967041016
376,109052,36.7376823425293,63.26232147216797
377,108263,54.954139709472656,45.045860290527344
378,107128,41.98440170288086,58.01559829711914
379,109713,90.70905303955078,9.290948867797852
380,108603,65.44111633300781,34.55887985229492
381,108994,72.32867431640625,27.67132568359375
382,108200,40.5565071105957,59.4434928894043
383,107515,16.70075035095215,83.29924011230469
384,109708,89.35765838623047,10.642342567443848
385,108704,62.76129913330078,37.23870086669922
386,108698,48.612518310546875,51.387481689453125
387,165502,84.50643157958984,15.49356746673584
388,107914,45.07716369628906,54.92283630371094
389,107526,34.2650032043457,65.73500061035156
390,104461,60.63601303100586,39.363983154296875
391,108641,88.99725341796875,11.002741813659668
392,107962,61.202789306640625,38.797210693359375
393,109099,67.02615356445312,32.97385025024414
394,108878,66.75277709960938,33.247222900390625
395,136555,80.52898406982422,19.47101593017578
396,109630,72.52608489990234,27.473915100097656
397,108753,79.33079528808594,20.669206619262695
398,109845,47.85077667236328,52.14923095703125
399,109375,53.73802947998047,46.2619743347168
400,109461,65.91939544677734,34.080604553222656
401,109709,73.21562957763672,26.78436851501465
402,109082,71.76073455810547,28.239261627197266
403,108754,61.942203521728516,38.057796478271484
404,108593,76.39346313476562,23.606536865234375
405,109824,75.67990112304688,24.320098876953125
406,109001,83.46321868896484,16.53677749633789
407,108068,53.75564193725586,46.244354248046875
408,108630,89.48497772216797,10.515027046203613
409,108989,55.55409622192383,44.44590377807617
410,109576,42.424800872802734,57.57520294189453
411,108680,69.26638793945312,30.73362159729004
412,107617,26.159719467163086,73.84027862548828
413,136640,65.71751403808594,34.28248977661133
414,108562,67.64876556396484,32.35124206542969
415,107904,35.56210708618164,64.43789672851562
416,108169,41.86583709716797,58.1341667175293
417,108343,52.82756805419922,47.17243194580078
418,136803,19.36701011657715,80.63298797607422
419,109386,27.066299438476562,72.93370056152344
420,108206,25.40052604675293,74.59947204589844
421,108695,78.10575103759766,21.894241333007812
422,108678,40.76469039916992,59.23530578613281
423,136552,68.45323181152344,31.546762466430664
424,107412,21.457481384277344,78.54251861572266
425,109472,54.830135345458984,45.169864654541016
426,136492,60.00550842285156,39.9944953918457
427,109150,56.12557601928711,43.87443161010742
428,109495,86.1686019897461,13.831398010253906
429,108180,47.43904495239258,52.56095504760742
430,109224,68.3370361328125,31.662967681884766
431,107596,20.333498001098633,79.66650390625
432,108497,20.32880401611328,79.67118835449219
433,106068,45.110694885253906,54.889305114746094
434,107104,6.106492042541504,93.89351654052734
435,107915,55.41219711303711,44.58779525756836
436,104474,7.546419620513916,92.45357513427734
437,107215,54.563175201416016,45.43682098388672
438,108098,30.783193588256836,69.21680450439453
439,108065,63.281471252441406,36.71852493286133
440,136459,23.47187614440918,76.52812194824219
441,136839,16.1337833404541,83.8662109375
442,136590,57.01775360107422,42.98224639892578
443,108833,77.75981140136719,22.24018669128418
444,108741,55.557090759277344,44.44291687011719
445,136541,79.88155364990234,20.11844253540039
446,109118,58.8496208190918,41.1503791809082
447,109819,91.40339660644531,8.596607208251953
448,104666,36.3371467590332,63.66284942626953
449,108070,37.54082489013672,62.45917510986328
450,107889,25.390239715576172,74.60975646972656
451,106067,52.781044006347656,47.21894836425781
452,108413,80.46820068359375,19.53179931640625
453,136438,51.70792770385742,48.29207229614258
454,108706,66.32383728027344,33.67616271972656
455,109079,53.4660758972168,46.5339241027832
456,108289,57.241981506347656,42.758018493652344
457,136675,91.00997161865234,8.990023612976074
458,108960,80.3146743774414,19.685319900512695
459,109246,68.45234680175781,31.547651290893555
460,107053,47.8428840637207,52.1571159362793
461,107918,79.04830169677734,20.951696395874023
462,107870,81.46177673339844,18.538227081298828
463,109317,72.13502502441406,27.864980697631836
464,108536,63.91600799560547,36.083988189697266
465,109398,92.514892578125,7.485099792480469
466,108594,70.25336456298828,29.746633529663086
467,107133,37.008853912353516,62.99114990234375
468,106733,52.63499450683594,47.36500549316406
469,109731,84.07654571533203,15.923447608947754
470,136677,72.75031280517578,27.24968719482422
471,107358,10.230204582214355,89.7697982788086
472,109161,86.94291687011719,13.057083129882812
473,136729,42.93991470336914,57.06008529663086
474,109634,67.94029235839844,32.0597038269043
475,136784,82.91109466552734,17.088899612426758
476,107960,45.812068939208984,54.187931060791016
477,109124,60.763694763183594,39.236305236816406
478,108869,65.67227172851562,34.32772445678711
479,107041,22.07940673828125,77.92060089111328
480,108442,61.13934326171875,38.860652923583984
481,106720,1.718711256980896,98.28129577636719
482,107182,72.03771209716797,27.962297439575195
483,107175,73.78966522216797,26.210344314575195
484,108357,49.01359558105469,50.98640823364258
485,109250,55.510318756103516,44.48968505859375
486,108423,94.36566925048828,5.634323596954346
487,108823,66.14669799804688,33.85330581665039
488,107051,43.638572692871094,56.36143112182617
489,108045,5.776871681213379,94.22312927246094
490,109577,33.05216598510742,66.94783020019531
491,109857,70.05294799804688,29.947052001953125
492,109629,82.13243103027344,17.867572784423828
493,109839,93.89623260498047,6.103759765625
494,106240,9.15219497680664,90.8478012084961
495,104925,62.28898239135742,37.71101379394531
496,108943,35.66016387939453,64.33983612060547
497,107097,8.674060821533203,91.32593536376953
498,108406,51.60385513305664,48.39614486694336
499,107037,8.34073257446289,91.65927124023438
500,109263,71.39776611328125,28.60223960876465
501,107325,30.913400650024414,69.08660125732422
502,108415,28.44330406188965,71.55670166015625
503,109255,76.96295166015625,23.03704261779785
504,136560,65.76720428466797,34.2327995300293
505,136775,84.65160369873047,15.348388671875
506,106855,24.43770980834961,75.56228637695312
507,108930,31.83065414428711,68.16934204101562
508,136584,49.976470947265625,50.02352523803711
509,162505,43.310665130615234,56.689334869384766
510,109320,71.57237243652344,28.42763328552246
511,136914,80.42290496826172,19.577098846435547
512,108981,45.029945373535156,54.97005081176758
513,108592,68.94195556640625,31.058040618896484
514,109732,70.50041198730469,29.499595642089844
515,107567,62.71200942993164,37.28799057006836
516,109133,65.81640625,34.183589935302734
517,109535,86.82539367675781,13.174600601196289
518,136475,27.820173263549805,72.17982482910156
519,109078,71.13207244873047,28.867923736572266
520,105922,34.5655403137207,65.43446350097656
521,108748,58.068603515625,41.931400299072266
522,107123,27.093358993530273,72.9066390991211
523,108831,65.99239349365234,34.007606506347656
524,107959,56.969852447509766,43.03014373779297
525,109105,58.44025421142578,41.55974578857422
526,108927,51.063011169433594,48.936988830566406
527,108466,45.4477653503418,54.5522346496582
528,136558,72.1365966796875,27.863401412963867
529,104782,32.28354263305664,67.71646118164062
530,108712,34.42626190185547,65.57373809814453
531,108689,82.93635559082031,17.06365203857422
532,108739,57.918758392333984,42.081241607666016
533,136513,51.25670623779297,48.743289947509766
534,109861,77.80268096923828,22.197317123413086
535,108047,23.233505249023438,76.76649475097656
536,107964,75.78897094726562,24.211027145385742
537,107119,19.187091827392578,80.81291198730469
538,165509,52.86034393310547,47.1396598815918
539,164011,18.979248046875,81.020751953125
540,136829,60.78639221191406,39.21361541748047
541,106737,5.92589807510376,94.0740966796875
542,106944,20.275705337524414,79.72429656982422
543,108673,79.07841491699219,20.921592712402344
544,106033,28.6824951171875,71.3175048828125
545,107972,89.61698150634766,10.383024215698242
546,106908,10.13094711303711,89.86904907226562
547,107239,5.154012680053711,94.84598541259766
548,106078,60.45050811767578,39.54949188232422
549,106741,21.83671760559082,78.16327667236328
550,109426,50.76152801513672,49.23847961425781
551,107707,20.30916976928711,79.69084167480469
552,107008,22.203617095947266,77.79637908935547
553,107263,11.453313827514648,88.54669189453125
554,109737,91.29258728027344,8.707416534423828
555,104515,57.62879943847656,42.37120056152344
556,108791,50.77045440673828,49.22954559326172
557,108230,69.52957153320312,30.470428466796875
558,109043,55.60376739501953,44.396236419677734
559,109467,66.89520263671875,33.10479736328125
560,109204,57.180076599121094,42.81992721557617
561,107168,4.452925682067871,95.54707336425781
562,106069,17.519123077392578,82.48088073730469
563,107530,56.60398483276367,43.39601516723633
564,108827,66.87928009033203,33.1207160949707
565,107973,74.95880126953125,25.041202545166016
566,107621,16.690879821777344,83.30912017822266
567,108703,62.7192268371582,37.2807731628418
568,136909,53.7790412902832,46.2209587097168
569,108684,83.22441864013672,16.775575637817383
570,108513,73.42142486572266,26.578575134277344
571,108213,96.21233367919922,3.7876687049865723
572,109478,86.4652328491211,13.534769058227539
573,108835,84.81661987304688,15.183374404907227
574,109707,90.1572494506836,9.842753410339355
575,107132,14.389573097229004,85.61042785644531
576,109116,71.31981658935547,28.680177688598633
577,107021,77.82612609863281,22.173873901367188
578,108843,51.69611740112305,48.30388641357422
579,136681,29.256980895996094,70.7430191040039
580,107355,26.007274627685547,73.99272155761719
581,108237,92.16185760498047,7.838148593902588
582,165009,67.55209350585938,32.447906494140625
583,109302,70.30121612548828,29.69878578186035
584,108265,64.7899169921875,35.2100830078125
585,107970,69.54801177978516,30.45198631286621
586,107899,51.2810173034668,48.71897888183594
587,108054,31.389537811279297,68.61046600341797
588,108623,81.16618347167969,18.833818435668945
589,108495,37.32325744628906,62.6767463684082
590,109500,35.808074951171875,64.1919174194336
591,109615,34.732730865478516,65.26727294921875
592,136600,62.888126373291016,37.11187744140625
593,136680,77.42880249023438,22.571205139160156
594,136559,69.17003631591797,30.829959869384766
595,136591,72.43218231201172,27.56781578063965
596,108279,86.84007263183594,13.159927368164062
597,107901,82.77220916748047,17.227792739868164
598,136645,84.31916046142578,15.680837631225586
599,109639,54.966312408447266,45.03368377685547
600,167503,86.81409454345703,13.185908317565918
601,109852,69.89564514160156,30.104360580444336
602,136498,72.05432891845703,27.94566535949707
603,107539,61.27455139160156,38.72544860839844
604,160512,15.453812599182129,84.54618835449219
605,136575,77.74369049072266,22.256311416625977
606,165510,58.619712829589844,41.380287170410156
607,108350,60.32159423828125,39.678401947021484
608,109392,84.13275146484375,15.867243766784668
609,109279,59.002845764160156,40.99715805053711
610,109632,84.75811767578125,15.2418851852417
611,107276,29.174890518188477,70.82510375976562
612,107157,41.60577392578125,58.394229888916016
613,104967,29.85481071472168,70.14518737792969
614,163004,36.533565521240234,63.4664306640625
615,109735,77.51586151123047,22.484140396118164
616,136534,93.45482635498047,6.545171737670898
617,109330,89.15343475341797,10.846562385559082
618,108414,14.760557174682617,85.23944854736328
619,108604,69.68299865722656,30.316999435424805
620,108412,63.00011444091797,36.99988555908203
621,107356,27.315658569335938,72.6843490600586
622,136783,84.55463409423828,15.44537353515625
623,107589,40.6025505065918,59.39744567871094
624,136792,76.57505798339844,23.42493438720703
625,107065,10.670358657836914,89.32964324951172
626,109441,22.492368698120117,77.50762939453125
627,104783,42.98746871948242,57.01252746582031
628,108535,72.17977142333984,27.820228576660156
629,136533,82.49256896972656,17.507429122924805
630,108408,19.750564575195312,80.24944305419922
631,109084,87.16157531738281,12.83842658996582
632,136433,44.98556137084961,55.014442443847656
633,136447,43.21770095825195,56.78229904174805
634,107622,46.114925384521484,53.88507843017578
635,163511,55.95599365234375,44.044010162353516
636,107609,49.58507537841797,50.414920806884766
637,107127,16.64251136779785,83.35748291015625
638,108860,78.80882263183594,21.191173553466797
639,136685,78.22142028808594,21.778579711914062
640,108653,66.14360046386719,33.85639572143555
641,106988,6.660705089569092,93.33930206298828
642,104907,50.49614334106445,49.50385284423828
643,108297,18.444677352905273,81.55532836914062
644,107634,34.300392150878906,65.69960021972656
645,136535,41.68537139892578,58.31462860107422
646,162509,14.136299133300781,85.86370086669922
647,108788,78.444580078125,21.55541229248047
648,165507,81.91625213623047,18.08375358581543
649,136633,76.8268051147461,23.173198699951172
650,164013,59.77199172973633,40.22801208496094
651,107100,6.403942584991455,93.59605407714844
652,109239,69.29456329345703,30.705440521240234
653,108309,39.989723205566406,60.010284423828125
654,164501,78.1079330444336,21.892059326171875
655,107922,67.18672180175781,32.81328201293945
656,108147,36.73506546020508,63.264930725097656
657,136785,76.66944885253906,23.33055877685547
658,136572,49.00310516357422,50.99689483642578
659,108379,59.712154388427734,40.287845611572266
660,109363,49.21517562866211,50.784820556640625
661,104781,54.71955108642578,45.28044891357422
662,104938,40.63418960571289,59.365814208984375
663,107826,17.835893630981445,82.16410827636719
664,109301,70.70198822021484,29.298015594482422
665,109830,72.18732452392578,27.81267738342285
666,108567,73.20474243164062,26.795249938964844
667,109114,87.6320571899414,12.367950439453125
668,106759,18.99028778076172,81.00971221923828
669,109148,57.32334899902344,42.676658630371094
670,105743,24.763273239135742,75.23673248291016
671,108931,55.39369583129883,44.60630416870117
672,108600,68.6827621459961,31.317237854003906
673,109341,76.10415649414062,23.89584732055664
674,109436,18.427797317504883,81.57220458984375
675,109022,50.24713134765625,49.75286865234375
676,108444,38.71656799316406,61.28342819213867
677,109440,23.40220832824707,76.59779357910156
678,109039,67.22847747802734,32.77151870727539
679,109027,72.44894409179688,27.551061630249023
680,261001,72.72422790527344,27.275774002075195
681,109178,82.81017303466797,17.18983268737793
682,136695,25.864999771118164,74.13500213623047
683,136425,30.955076217651367,69.044921875
684,106163,0.33600354194641113,99.66399383544922
685,108790,74.33313751220703,25.666866302490234
686,109184,36.57384490966797,63.42615509033203
687,107369,8.62229061126709,91.3777084350586
688,107725,20.118165969848633,79.8818359375
689,108268,44.51228332519531,55.487709045410156
690,108728,59.21732711791992,40.78266906738281
691,107820,34.17049789428711,65.82950592041016
692,106860,16.088693618774414,83.91130828857422
693,107050,63.907711029052734,36.09229278564453
694,108568,81.59930419921875,18.400686264038086
695,109530,84.35101318359375,15.648984909057617
696,108146,4.073999881744385,95.9260025024414
697,108486,53.641937255859375,46.358062744140625
698,108903,67.10689544677734,32.893096923828125
699,109166,86.23399353027344,13.765996932983398
700,107963,49.872894287109375,50.127105712890625
701,108714,14.00112247467041,85.9988784790039
702,164512,82.67863464355469,17.321369171142578
703,107197,73.00321197509766,26.99679183959961
704,107619,57.25273513793945,42.74726867675781
705,108933,55.38846969604492,44.611534118652344
706,136506,69.34640502929688,30.653593063354492
707,107004,12.084673881530762,87.91532897949219
708,104965,40.62619400024414,59.373809814453125
709,108428,88.73506164550781,11.264945030212402
710,107139,55.08857345581055,44.91142272949219
711,109233,73.93920135498047,26.060802459716797
712,107149,38.43352127075195,61.56647872924805
713,136643,72.34050750732422,27.659494400024414
714,106757,17.62078857421875,82.37921142578125
715,104770,22.867368698120117,77.13262939453125
716,105140,22.93324089050293,77.06676483154297
717,108902,47.71482849121094,52.28517150878906
718,105913,32.605167388916016,67.39483642578125
719,108676,29.527347564697266,70.47264862060547
720,108400,68.1081771850586,31.891822814941406
721,108484,79.72205352783203,20.27794075012207
722,109362,56.73415756225586,43.26584243774414
723,107493,10.172648429870605,89.82735443115234
724,136637,81.7945327758789,18.205469131469727
725,136767,53.05940628051758,46.94059371948242
726,108476,96.8705825805664,3.129415988922119
727,107986,77.53040313720703,22.4696044921875
728,136847,60.01021194458008,39.989784240722656
729,108565,27.519285202026367,72.480712890625
730,108239,89.08773803710938,10.912263870239258
731,107871,80.85460662841797,19.14539337158203
732,108883,87.10961151123047,12.890381813049316
733,109036,58.1470832824707,41.8529167175293
734,108830,76.6412353515625,23.358760833740234
735,108854,67.59186553955078,32.40813446044922
736,104621,26.45062255859375,73.54937744140625
737,108312,43.06973648071289,56.930267333984375
738,108507,62.425880432128906,37.574119567871094
739,108419,75.60383605957031,24.39615821838379
740,106856,31.92850685119629,68.07148742675781
741,108731,64.90882110595703,35.091182708740234
742,108914,79.89002227783203,20.109981536865234
743,107144,18.30323028564453,81.69676971435547
744,109273,79.38825988769531,20.611745834350586
745,109744,61.31651306152344,38.68348693847656
746,107978,67.58875274658203,32.4112548828125
747,136545,79.79945373535156,20.20054817199707
748,108489,76.55912017822266,23.44087791442871
749,136805,38.59254455566406,61.4074592590332
750,109095,37.972999572753906,62.02699661254883
751,136629,57.64133834838867,42.35866165161133
752,136801,22.4563045501709,77.54369354248047
753,107158,60.69419860839844,39.30580139160156
754,109538,85.24827575683594,14.751723289489746
755,108437,62.944923400878906,37.055076599121094
756,164018,75.23121643066406,24.768783569335938
757,105621,12.309659957885742,87.69033813476562
758,108411,52.57395935058594,47.4260368347168
759,108251,55.1609992980957,44.83900451660156
760,109062,69.56642150878906,30.433574676513672
761,105164,53.218658447265625,46.781341552734375
762,108502,66.39090728759766,33.60909652709961
763,109023,56.053794860839844,43.94621276855469
764,160502,4.0343427658081055,95.96566009521484
765,107542,51.388877868652344,48.61112976074219
766,108685,74.78704071044922,25.212961196899414
767,136806,26.53685760498047,73.46314239501953
768,109727,71.40403747558594,28.59596824645996
769,136807,57.116817474365234,42.883174896240234
770,108134,55.7596435546875,44.240352630615234
771,107872,71.60709381103516,28.39290428161621
772,109597,28.099754333496094,71.9002456665039
773,108992,80.85279846191406,19.147199630737305
774,108638,86.55976867675781,13.440238952636719
775,136830,39.97996520996094,60.02003479003906
776,107137,12.330216407775879,87.66978454589844
777,109677,36.12078857421875,63.879215240478516
778,157513,44.29651641845703,55.70348358154297
779,108257,50.430931091308594,49.569068908691406
780,109471,84.84449768066406,15.155497550964355
781,107679,8.95240306854248,91.04759216308594
782,108375,66.23380279541016,33.76619338989258
783,107682,29.434484481811523,70.56551361083984
784,164009,60.56822967529297,39.43177032470703
785,136799,64.41130065917969,35.58870315551758
786,109399,89.42755126953125,10.572441101074219
787,136747,69.08769226074219,30.91230010986328
788,108002,16.280670166015625,83.71932220458984
789,108766,64.75141906738281,35.24857711791992
790,136527,80.3144302368164,19.685564041137695
791,109723,81.24077606201172,18.75922203063965
792,108328,64.0705337524414,35.92947006225586
793,107891,79.34063720703125,20.659360885620117
794,108218,56.88211441040039,43.117889404296875
795,107545,18.47734832763672,81.52265167236328
796,108826,64.04058074951172,35.959415435791016
797,107146,58.80439758300781,41.19560241699219
798,136587,46.691654205322266,53.308349609375
799,109503,8.38460922241211,91.61539459228516
800,108949,77.65534210205078,22.344661712646484
801,106011,4.571187496185303,95.42881774902344
802,136480,47.99697494506836,52.00302505493164
803,106746,19.21647071838379,80.78353118896484
804,107944,30.31187629699707,69.68812561035156
805,108461,35.10282516479492,64.89717102050781
806,109818,65.39350128173828,34.60649108886719
807,108394,45.58028030395508,54.41971969604492
808,104454,36.613826751708984,63.386165618896484
809,106034,4.121476173400879,95.87853240966797
810,104664,42.46967315673828,57.53032684326172
811,107957,52.00889587402344,47.99110412597656
812,109331,84.93917846679688,15.060816764831543
813,109030,36.86674118041992,63.13325881958008
814,108647,72.31291198730469,27.687089920043945
815,229502,57.69738006591797,42.30261993408203
816,109724,80.69892883300781,19.301069259643555
817,104872,48.15471649169922,51.84528350830078
818,136519,51.76796340942383,48.23203659057617
819,108707,59.22914123535156,40.77085876464844
820,108404,80.79023742675781,19.20975685119629
821,108168,6.418445587158203,93.58155059814453
822,105558,1.281558871269226,98.71843719482422
823,108629,70.36932373046875,29.63067054748535
824,109236,78.0562973022461,21.943702697753906
825,109077,61.238746643066406,38.761253356933594
826,108539,62.059349060058594,37.94065475463867
827,108655,75.43879699707031,24.561199188232422
828,136868,19.76837158203125,80.23162841796875
829,109017,55.542842864990234,44.457157135009766
830,108477,84.32320404052734,15.676795959472656
831,109120,87.01953887939453,12.980456352233887
832,109473,38.17362976074219,61.82637023925781
833,108850,74.5047836303711,25.495216369628906
834,105561,18.154502868652344,81.84549713134766
835,107955,51.30201721191406,48.69798278808594
836,136725,74.51754760742188,25.482452392578125
837,108490,60.995025634765625,39.004974365234375
838,136787,86.04104614257812,13.958954811096191
839,136450,39.65495300292969,60.345054626464844
840,108313,90.92253112792969,9.077468872070312
841,106700,3.3978066444396973,96.6021957397461
842,109827,57.33732604980469,42.66267013549805
843,109168,87.57689666748047,12.423108100891113
844,136542,85.89962768554688,14.100371360778809
845,109488,72.70315551757812,27.296850204467773
846,164002,86.47991180419922,13.520099639892578
847,108462,68.24629974365234,31.753698348999023
848,108436,48.08222198486328,51.91777420043945
849,104935,49.38214874267578,50.61785125732422
850,109820,43.19225311279297,56.807743072509766
851,107345,42.623207092285156,57.37678909301758
852,158522,51.73365020751953,48.266353607177734
853,136827,59.5059928894043,40.4940071105957
854,108331,89.8733901977539,10.126605987548828
855,136844,22.0220947265625,77.9779052734375
856,136754,56.87984085083008,43.12016296386719
857,108037,48.841880798339844,51.158119201660156
858,108226,96.89103698730469,3.1089677810668945
859,136819,51.98517608642578,48.01482391357422
860,108975,90.75431060791016,9.245685577392578
861,108479,62.7156867980957,37.28431701660156
862,109343,29.105958938598633,70.89403533935547
863,105149,29.051633834838867,70.94837188720703
864,136744,40.05167007446289,59.94832992553711
865,107001,30.511682510375977,69.48831939697266
866,108043,19.531831741333008,80.46817016601562
867,109100,51.60257339477539,48.39742660522461
868,108585,61.16818618774414,38.831809997558594
869,108023,74.46944427490234,25.530561447143555
870,108619,95.93852233886719,4.061480522155762
871,104427,54.635250091552734,45.36475372314453
872,104420,42.90255355834961,57.097442626953125
873,108601,60.936336517333984,39.063663482666016
874,108760,52.36762237548828,47.632381439208984
875,109329,75.04447174072266,24.95553207397461
876,109026,74.3803482055664,25.619644165039062
877,109230,43.443214416503906,56.55677795410156
878,109286,51.76108932495117,48.238914489746094
879,107990,77.7469253540039,22.25307273864746
880,109145,79.96611022949219,20.03388786315918
881,165001,53.409828186035156,46.590171813964844
882,136912,85.00721740722656,14.992788314819336
883,109024,76.70055389404297,23.299448013305664
884,107969,69.33317565917969,30.666824340820312
885,136723,84.06697845458984,15.933014869689941
886,109740,84.84178924560547,15.15821361541748
887,107537,51.923091888427734,48.07691192626953
888,108377,74.01760864257812,25.98239517211914
889,105714,32.41927719116211,67.58072662353516
890,106175,19.404634475708008,80.5953598022461
891,104675,29.199705123901367,70.80029296875
892,107984,90.56399536132812,9.436002731323242
893,108652,71.30980682373047,28.690195083618164
894,107398,20.575496673583984,79.42450714111328
895,109115,83.61974334716797,16.380258560180664
896,108451,85.54609680175781,14.453892707824707
897,107105,7.298646926879883,92.70135498046875
898,109063,57.85983657836914,42.14016342163086
899,107887,83.60774993896484,16.392248153686523
900,109721,88.26153564453125,11.738465309143066
901,108482,89.47433471679688,10.525667190551758
902,108798,76.55091094970703,23.449094772338867
903,109832,80.06664276123047,19.93336296081543
904,109129,70.62355041503906,29.376447677612305
905,107626,52.739566802978516,47.26043701171875
906,108683,71.96417236328125,28.035831451416016
907,105920,46.1088981628418,53.89109802246094
908,108846,66.60331726074219,33.39668655395508
909,107881,28.20279312133789,71.79721069335938
910,107790,61.341209411621094,38.65879440307617
911,107908,65.1741714477539,34.82582473754883
912,108520,70.04660034179688,29.953405380249023
913,109389,54.81175231933594,45.1882438659668
914,107525,50.50761032104492,49.49238586425781
915,136917,44.05131530761719,55.94868469238281
916,107374,21.522090911865234,78.4779052734375
917,108988,89.13955688476562,10.860440254211426
918,108602,73.6783676147461,26.32163429260254
919,104874,13.0968017578125,86.9031982421875
920,136800,67.62991333007812,32.370079040527344
921,109745,91.81287384033203,8.187131881713867
922,109167,95.2043228149414,4.795681476593018
923,136641,75.52429962158203,24.47570037841797
924,107102,10.337541580200195,89.66246032714844
925,108364,53.3858528137207,46.61414337158203
926,108659,78.17195892333984,21.828035354614258
927,108820,58.320350646972656,41.679649353027344
928,106251,21.26144027709961,78.73856353759766
929,109332,61.17374801635742,38.82625198364258
930,108618,94.21929931640625,5.780704021453857
931,165508,41.800479888916016,58.19951248168945
932,106374,11.07266616821289,88.92733764648438
933,136860,50.35118865966797,49.64881134033203
934,106843,39.35844802856445,60.64155197143555
935,108000,19.956802368164062,80.04319763183594
936,108176,57.555049896240234,42.4449462890625
937,108201,39.59684371948242,60.40315628051758
938,165505,77.17365264892578,22.826345443725586
939,109020,51.9218864440918,48.07811737060547
940,109139,73.78184509277344,26.218158721923828
941,158002,27.846696853637695,72.15330505371094
942,108483,55.419677734375,44.58032989501953
943,109287,47.020503997802734,52.9794921875
944,165504,14.296091079711914,85.70391082763672
945,108255,65.58584594726562,34.414154052734375
946,107035,38.24285125732422,61.75714874267578
947,107952,44.85821533203125,55.14178466796875
948,136550,78.99089050292969,21.009111404418945
949,108821,71.80714416503906,28.192853927612305
950,106041,9.363789558410645,90.63621520996094
951,109728,55.574440002441406,44.42556381225586
952,107954,17.288875579833984,82.71112060546875
953,108886,66.10301208496094,33.8969841003418
954,136544,71.02428436279297,28.975719451904297
955,108551,63.04838562011719,36.95161437988281
956,136576,67.37171173095703,32.6282958984375
957,108338,52.61781311035156,47.38218688964844
958,108110,16.329666137695312,83.67033386230469
959,136751,40.45456314086914,59.545433044433594
960,108505,64.76537322998047,35.234622955322266
961,109045,63.82529067993164,36.17470932006836
962,165003,77.83674621582031,22.163253784179688
963,108518,73.47956085205078,26.520437240600586
964,108320,68.77394104003906,31.22606658935547
965,108197,34.4119758605957,65.58802795410156
966,240005,28.162044525146484,71.83795928955078
967,108332,84.41659545898438,15.583403587341309
968,109599,19.463104248046875,80.53689575195312
969,109666,46.334007263183594,53.66599655151367
970,159544,32.98348617553711,67.01651000976562
971,109715,67.9589614868164,32.04103469848633
972,106879,13.429095268249512,86.5708999633789
973,109125,70.25016784667969,29.74983787536621
974,136588,56.06088638305664,43.93911361694336
975,109805,52.98060607910156,47.01939392089844
976,109113,41.27471923828125,58.72528076171875
977,109334,49.67900085449219,50.32099914550781
978,105903,5.581642150878906,94.41836547851562
979,108758,67.6303482055664,32.369651794433594
980,108472,81.01980590820312,18.980192184448242
981,136686,68.78855895996094,31.211441040039062
982,109354,62.93217086791992,37.06782531738281
983,108122,52.85490036010742,47.14509963989258
984,109612,55.24468994140625,44.755306243896484
985,136786,67.197265625,32.802738189697266
986,136655,76.96487426757812,23.03512191772461
987,107988,87.7136459350586,12.286351203918457
988,109522,52.259029388427734,47.740970611572266
989,136627,47.302093505859375,52.69790267944336
990,109365,51.19708251953125,48.802913665771484
991,107945,57.496726989746094,42.503273010253906
992,109422,60.97795486450195,39.02204895019531
993,164508,75.91531372070312,24.084686279296875
994,104661,79.14315032958984,20.856853485107422
995,108824,67.57062530517578,32.42937469482422
996,108802,66.40341186523438,33.596588134765625
997,108806,63.702171325683594,36.29783248901367
998,136782,65.52728271484375,34.47270965576172
999,108516,73.92266082763672,26.07734489440918
1000,104928,51.44255828857422,48.55744552612305
1001,109439,28.93332862854004,71.0666732788086
1002,107225,18.855192184448242,81.14480590820312
1003,105542,13.608893394470215,86.39110565185547
1004,107996,35.303871154785156,64.69612884521484
1005,109518,27.97511863708496,72.0248794555664
1006,107116,20.416072845458984,79.58393096923828
1007,109718,85.93064880371094,14.069342613220215
1008,108231,84.18538665771484,15.814619064331055
1009,230005,80.49010467529297,19.5098934173584
1010,107150,62.284080505371094,37.71592330932617
1011,136517,63.353919982910156,36.64607620239258
1012,108429,69.53079223632812,30.469209671020508
1013,108624,72.5060043334961,27.493995666503906
1014,109620,22.5362548828125,77.4637451171875
1015,136721,65.3492202758789,34.65078353881836
1016,222504,67.57085418701172,32.42914581298828
1017,105949,14.59070873260498,85.40929412841797
1018,108277,71.38670349121094,28.6132869720459
1019,159516,1.126006841659546,98.87399291992188
1020,108756,81.78028106689453,18.21971893310547
1021,136719,84.73418426513672,15.265817642211914
1022,107680,13.458980560302734,86.54102325439453
1023,107633,7.9002685546875,92.09973907470703
1024,107650,14.635313987731934,85.36468505859375
1025,108696,70.40618896484375,29.593807220458984
1026,109333,87.6235122680664,12.376486778259277
1027,104493,6.595791339874268,93.40421295166016
1028,158531,40.750755310058594,59.249244689941406
1029,104768,41.077510833740234,58.922489166259766
1030,109322,17.46562957763672,82.53437042236328
1031,108203,50.108516693115234,49.8914794921875
1032,107068,24.112735748291016,75.88726806640625
1033,109268,73.07379150390625,26.92620849609375
1034,109359,25.572973251342773,74.42703247070312
1035,136528,76.90450286865234,23.095500946044922
1036,109541,87.43303680419922,12.566961288452148
1037,108260,47.766666412353516,52.23333740234375
1038,104421,26.608726501464844,73.39127349853516
1039,108434,91.54876708984375,8.451238632202148
1040,109283,39.57270812988281,60.42729187011719
1041,108690,80.7634506225586,19.236547470092773
1042,108222,69.07306671142578,30.926937103271484
1043,107920,65.670166015625,34.32984161376953
1044,106761,33.24221420288086,66.75778198242188
1045,107979,68.69290161132812,31.30709457397461
1046,160503,28.645532608032227,71.3544692993164
1047,229501,6.43750524520874,93.56249237060547
1048,106195,4.178184509277344,95.82181549072266
1049,104892,18.600688934326172,81.3993148803711
1050,107879,66.89530944824219,33.10468673706055
1051,108794,67.14315795898438,32.85684585571289
1052,108254,40.102149963378906,59.89784622192383
1053,107152,40.19840621948242,59.80158996582031
1054,136730,62.52628707885742,37.47370910644531
1055,108812,71.86824798583984,28.131750106811523
1056,108995,87.1695785522461,12.830411911010742
1057,107956,73.47352600097656,26.526473999023438
1058,104525,43.53590774536133,56.46409225463867
1059,107751,13.485733032226562,86.51426696777344
1060,108170,69.70991516113281,30.290088653564453
1061,109237,65.86962127685547,34.130374908447266
1062,164015,81.72992706298828,18.27006721496582
1063,109427,41.71976089477539,58.280235290527344
1064,136553,85.66181945800781,14.338181495666504
1065,108500,54.975772857666016,45.024227142333984
1066,109393,82.20195007324219,17.798049926757812
1067,107224,32.269290924072266,67.73070526123047
1068,136601,32.011436462402344,67.98856353759766
1069,136738,42.62202835083008,57.37797164916992
1070,106821,38.41783905029297,61.58216094970703
1071,108723,76.95777130126953,23.042232513427734
1072,108337,61.56242370605469,38.43757629394531
1073,109189,37.000362396240234,62.999637603759766
1074,108779,59.60805892944336,40.391937255859375
1075,108416,75.04667663574219,24.953319549560547
1076,109251,85.32769012451172,14.672307968139648
1077,105923,59.557861328125,40.442142486572266
1078,108715,54.529296875,45.470706939697266
1079,108219,95.8642578125,4.135732650756836
1080,107160,32.097312927246094,67.9026870727539
1081,107991,24.912067413330078,75.08793640136719
1082,108875,79.67632293701172,20.32367706298828
1083,108186,49.76697540283203,50.23302459716797
1084,108621,85.4819564819336,14.518046379089355
1085,108278,74.21719360351562,25.782798767089844
1086,108457,67.08792114257812,32.912078857421875
1087,109149,73.41132354736328,26.588682174682617
1088,108396,80.74598693847656,19.25401496887207
1089,136891,59.637516021728516,40.36248016357422
1090,136585,68.54755401611328,31.452444076538086
1091,107590,53.0359992980957,46.96400451660156
1092,107076,6.72311544418335,93.2768783569336
1093,109175,84.91771697998047,15.082282066345215
1094,106159,14.622346878051758,85.37765502929688
1095,107538,48.434879302978516,51.56512451171875
1096,165503,34.30306625366211,65.69693756103516
1097,109714,85.64498901367188,14.355013847351074
1098,136586,20.734785079956055,79.26522064208984
1099,109169,76.13695526123047,23.863046646118164
1100,136580,56.12089538574219,43.87910461425781
1101,108713,78.87346649169922,21.126529693603516
1102,164012,67.66370391845703,32.33628845214844
1103,136850,48.43843078613281,51.56156539916992
1104,109545,48.14326858520508,51.85673141479492
1105,108145,21.34082794189453,78.65917205810547
1106,108819,68.1224136352539,31.877592086791992
1107,136682,88.10619354248047,11.893804550170898
1108,109265,61.917823791503906,38.08217239379883
1109,104903,66.9366455078125,33.063350677490234
1110,107585,39.381492614746094,60.61851501464844
1111,136678,65.7425765991211,34.25741958618164
1112,109476,81.69613647460938,18.303861618041992
1113,109812,37.62925720214844,62.37074279785156
1114,104916,73.91229248046875,26.08770179748535
1115,107886,42.97356414794922,57.02643585205078
1116,136817,32.950599670410156,67.04940032958984
1117,108155,12.401010513305664,87.59899139404297
1118,109159,79.55339813232422,20.44659996032715
1119,109324,33.20344543457031,66.79655456542969
1120,108645,76.5662612915039,23.433738708496094
1121,107928,9.701004028320312,90.29899597167969
1122,109258,81.84626770019531,18.15373420715332
1123,136551,87.86175537109375,12.138245582580566
1124,108303,84.17079162597656,15.82919979095459
1125,109158,93.65886688232422,6.341136455535889
1126,108296,36.43685531616211,63.56313705444336
1127,109211,42.92763900756836,57.07236099243164
1128,108287,67.09980010986328,32.900203704833984
1129,109578,27.08684539794922,72.91315460205078
1130,108547,69.7049789428711,30.295021057128906
1131,109311,44.768611907958984,55.231388092041016
1132,108071,30.752012252807617,69.24798583984375
1133,136765,45.5286865234375,54.4713134765625
1134,108694,89.29012298583984,10.709877014160156
1135,136718,90.99376678466797,9.006232261657715
1136,108417,77.3895492553711,22.610448837280273
1137,109016,58.694786071777344,41.30522155761719
1138,136435,34.78635787963867,65.21363830566406
1139,109516,44.85747146606445,55.14252853393555
1140,107987,85.49262237548828,14.507370948791504
1141,136520,66.01229858398438,33.98769760131836
1142,108864,61.43517303466797,38.564823150634766
1143,109065,53.10472106933594,46.8952751159668
1144,107810,34.1413688659668,65.85862731933594
1145,164507,67.84293365478516,32.15707015991211
1146,104624,36.26412582397461,63.73587417602539
1147,109088,61.30595397949219,38.69404602050781
1148,107631,56.61311340332031,43.38688659667969
1149,107566,64.700927734375,35.29906463623047
1150,136639,44.46841049194336,55.53158950805664
1151,136826,38.09380340576172,61.90620040893555
1152,106729,5.5727739334106445,94.42723083496094
1153,107198,28.464946746826172,71.53504943847656
1154,109070,84.54529571533203,15.454700469970703
1155,136859,39.882354736328125,60.11764907836914
1156,108763,59.38776779174805,40.61223220825195
1157,107968,82.38860321044922,17.611398696899414
1158,109188,88.26390838623047,11.736090660095215
1159,109259,70.08689880371094,29.913097381591797
1160,136733,64.39154052734375,35.608463287353516
1161,104663,24.28236961364746,75.71763610839844
1162,108964,56.208099365234375,43.79189682006836
1163,109404,78.8892822265625,21.110715866088867
1164,109492,48.35293960571289,51.64706039428711
1165,108767,54.105140686035156,45.894859313964844
1166,108643,49.83491516113281,50.16508865356445
1167,108164,33.96086883544922,66.03912353515625
1168,107034,61.65965270996094,38.3403434753418
1169,109583,41.70810317993164,58.291900634765625
1170,109288,31.243471145629883,68.75653076171875
1171,108351,50.81507110595703,49.18492889404297
1172,108853,86.42723083496094,13.572772026062012
1173,108329,69.65132141113281,30.34868812561035
1174,109281,81.54808044433594,18.451919555664062
1175,108591,67.48941040039062,32.51058578491211
1176,108561,49.654869079589844,50.34513473510742
1177,106859,23.88712501525879,76.11287689208984
1178,104875,28.829803466796875,71.17019653320312
1179,108844,76.88809204101562,23.11191177368164
1180,105150,3.2884843349456787,96.71151733398438
1181,109123,67.03948211669922,32.96051788330078
1182,108430,86.31263732910156,13.687356948852539
1183,108224,62.26341247558594,37.73658752441406
1184,108433,87.20468139648438,12.795318603515625
1185,109844,53.364044189453125,46.635955810546875
1186,109094,50.954627990722656,49.045372009277344
1187,109029,68.37260437011719,31.627391815185547
1188,109733,81.83210754394531,18.16788673400879
1189,109410,84.02999114990234,15.970009803771973
1190,108718,67.89567565917969,32.10432052612305
1191,109864,78.0337905883789,21.966211318969727
1192,108663,68.58472442626953,31.4152774810791
1193,108049,11.048128128051758,88.95187377929688
1194,109074,71.94979095458984,28.05021095275879
1195,105907,15.096961975097656,84.90303802490234
1196,108111,13.284872055053711,86.71512603759766
1197,108530,35.3469123840332,64.65308380126953
1198,108887,74.05892181396484,25.941082000732422
1199,105720,11.066296577453613,88.93370819091797
1200,109710,86.49571228027344,13.504281997680664
1201,109498,30.236753463745117,69.76324462890625
1202,136697,59.518646240234375,40.48134994506836
1203,108467,68.2144775390625,31.785520553588867
1204,108099,35.89152145385742,64.10847473144531
1205,108440,66.93894958496094,33.06105422973633
1206,108190,58.26700210571289,41.73299789428711
1207,136732,42.04051971435547,57.9594841003418
1208,109057,41.95625305175781,58.04374694824219
1209,160505,23.021800994873047,76.97819519042969
1210,109481,86.68696594238281,13.31302547454834
1211,108654,76.5668716430664,23.433122634887695
1212,108259,54.72569274902344,45.27430725097656
1213,108473,91.84654998779297,8.153453826904297
1214,163510,70.86398315429688,29.136016845703125
1215,108330,57.11349105834961,42.88650894165039
1216,108424,69.30461883544922,30.69537925720215
1217,107125,40.36620330810547,59.63380432128906
1218,109032,62.35977554321289,37.64022445678711
1219,109403,25.477680206298828,74.52232360839844
1220,108669,79.70942687988281,20.29057502746582
1221,136788,63.01551055908203,36.9844970703125
1222,136861,60.04707336425781,39.95293426513672
1223,109121,59.21391296386719,40.78608322143555
1224,104698,9.385866165161133,90.6141357421875
1225,107038,56.287681579589844,43.71232223510742
1226,136885,58.72528076171875,41.274723052978516
1227,105638,8.1630859375,91.8369140625
1228,136743,51.0695686340332,48.93043518066406
1229,108435,91.81364440917969,8.186357498168945
1230,107066,26.246612548828125,73.75338745117188
1231,106142,20.222272872924805,79.77772521972656
1232,163503,34.98133850097656,65.01866149902344
1233,136605,58.15450668334961,41.84550094604492
1234,108475,87.03366088867188,12.966338157653809
1235,108418,78.43585968017578,21.564149856567383
1236,108245,87.53888702392578,12.461112022399902
1237,136750,51.107906341552734,48.892086029052734
1238,109486,76.38536071777344,23.614639282226562
1239,107410,4.280571460723877,95.71943664550781
1240,109385,65.1574935913086,34.842498779296875
1241,305444,5.723880290985107,94.27611541748047
1242,109406,83.41144561767578,16.58854866027832
1243,136768,45.91058349609375,54.089420318603516
1244,108972,71.472900390625,28.527095794677734
1245,107967,88.45331573486328,11.546689987182617
1246,104880,32.11827850341797,67.88172149658203
1247,107499,23.216859817504883,76.78314208984375
1248,108273,80.11715698242188,19.882835388183594
1249,164014,44.81714630126953,55.1828498840332
1250,108789,41.96342086791992,58.036582946777344
1251,108948,83.45990753173828,16.540088653564453
1252,159529,19.65962791442871,80.34037017822266
1253,107907,74.12664031982422,25.873363494873047
1254,109814,90.10840606689453,9.89159107208252
1255,136537,94.1661148071289,5.833892345428467
1256,108405,63.26418685913086,36.73582077026367
1257,109278,75.2305908203125,24.769411087036133
1258,108626,88.81511688232422,11.184881210327148
1259,108722,51.292991638183594,48.707000732421875
1260,107147,40.84128952026367,59.15870666503906
1261,108686,82.10100555419922,17.89899444580078
1262,108724,17.73450469970703,82.26549530029297
1263,107919,46.87929916381836,53.12070083618164
1264,109346,54.41059875488281,45.58940124511719
1265,107181,36.14522933959961,63.85477066040039
1266,107571,48.24321746826172,51.75677490234375
1267,136469,51.92621994018555,48.07377624511719
1268,108848,79.6883773803711,20.311622619628906
1269,136523,63.50529098510742,36.494712829589844
1270,109126,56.57550048828125,43.42449951171875
1271,108026,59.71530532836914,40.284690856933594
1272,107319,13.605752944946289,86.39424896240234
1273,108795,79.19571685791016,20.804275512695312
1274,136495,55.13320541381836,44.866790771484375
1275,108917,65.16349792480469,34.83650207519531
1276,108727,52.00942611694336,47.99057388305664
1277,136688,37.308712005615234,62.6912956237793
1278,109725,96.31263732910156,3.6873619556427
1279,108999,53.961158752441406,46.03884506225586
1280,108441,72.54547119140625,27.454530715942383
1281,136908,74.18257141113281,25.817432403564453
1282,163001,23.129283905029297,76.87071990966797
1283,109528,41.59046936035156,58.40953063964844
1284,109222,60.82678985595703,39.17321014404297
1285,108784,75.53550720214844,24.46449089050293
1286,108828,80.4997329711914,19.500272750854492
1287,107148,64.61254119873047,35.387454986572266
1288,107885,24.23105239868164,75.76895141601562
1289,109442,32.28324508666992,67.71675109863281
1290,108522,76.96160125732422,23.03840446472168
1291,108733,39.16087341308594,60.8391227722168
1292,106439,4.237015247344971,95.76299285888672
1293,109047,64.41690826416016,35.58309555053711
1294,109741,84.39399719238281,15.606008529663086
1295,108307,69.4298324584961,30.570167541503906
1296,108314,88.86238098144531,11.137619972229004
1297,108855,76.91450500488281,23.085498809814453
1298,108792,79.77497100830078,20.225027084350586
1299,107627,47.96006393432617,52.03993225097656
1300,107195,56.666534423828125,43.333465576171875
1301,107897,25.45364761352539,74.54634857177734
1302,108774,37.61300277709961,62.38699722290039
1303,104761,38.339935302734375,61.660057067871094
1304,136727,57.8117790222168,42.1882209777832
1305,109028,84.79204559326172,15.20794677734375
1306,106281,2.6413002014160156,97.35870361328125
1307,108962,73.04143524169922,26.958560943603516
1308,109616,52.584476470947266,47.41552734375
1309,136577,58.43198776245117,41.56801223754883
1310,108504,52.5709342956543,47.4290657043457
1311,108514,55.89457321166992,44.105430603027344
1312,109080,78.29598999023438,21.704008102416992
1313,136501,61.68315887451172,38.31684112548828
1314,108762,58.87560272216797,41.124393463134766
1315,108256,65.27625274658203,34.723751068115234
1316,108345,59.36680603027344,40.63319778442383
1317,108817,64.70651245117188,35.29349136352539
1318,108471,83.722900390625,16.277099609375
1319,108485,97.1255874633789,2.874406099319458
1320,108775,62.64740753173828,37.352596282958984
1321,108393,34.20376205444336,65.79623413085938
1322,108644,82.22952270507812,17.770471572875977
1323,109487,76.82018280029297,23.17981719970703
1324,108882,88.2289810180664,11.771018981933594
1325,168501,17.653451919555664,82.34654998779297
1326,104920,57.028663635253906,42.971336364746094
1327,108302,49.450050354003906,50.54995346069336
1328,109537,87.27091217041016,12.729081153869629
1329,108947,63.21156692504883,36.78843307495117
1330,108044,6.857302665710449,93.14269256591797
1331,136419,49.55211639404297,50.447879791259766
1332,109529,82.82695770263672,17.17304801940918
1333,109489,77.77973175048828,22.220272064208984
1334,159506,31.782785415649414,68.21720886230469
1335,108183,25.998676300048828,74.00132751464844
1336,108920,59.795230865478516,40.20477294921875
1337,108317,60.972023010253906,39.02797317504883
1338,105705,44.02330017089844,55.97669982910156
1339,104482,38.29358673095703,61.70641326904297
1340,107036,46.72701644897461,53.272987365722656
1341,108832,79.0319595336914,20.968046188354492
1342,109350,87.25188446044922,12.748117446899414
1343,104435,33.4225959777832,66.57740783691406
1344,108241,62.39349365234375,37.606510162353516
1345,108109,50.983375549316406,49.01662826538086
1346,108716,58.37604522705078,41.62396240234375
1347,136907,38.51218032836914,61.487823486328125
1348,109809,49.30852127075195,50.69147491455078
1349,108523,78.02490234375,21.975095748901367
1350,108519,80.94657897949219,19.053424835205078
1351,109411,61.67823028564453,38.3217658996582
1352,109449,65.39443969726562,34.60556411743164
1353,104774,34.50404357910156,65.49595642089844
1354,107145,37.065773010253906,62.93423080444336
1355,108234,85.99386596679688,14.006129264831543
1356,136824,62.059295654296875,37.940704345703125
1357,108825,66.23599243164062,33.76400375366211
1358,108142,9.343690872192383,90.65631103515625
1359,108615,71.97470092773438,28.02530288696289
1360,109177,88.94538116455078,11.054619789123535
1361,109854,70.8628921508789,29.137104034423828
1362,106028,20.876176834106445,79.12382507324219
1363,107124,31.599733352661133,68.40026092529297
1364,108771,79.37482452392578,20.62517738342285
1365,109434,34.34214782714844,65.65785217285156
1366,108573,54.755367279052734,45.244632720947266
1367,106268,9.58263111114502,90.41736602783203
1368,109405,28.72428321838379,71.27572631835938
1369,104964,49.17462921142578,50.82537078857422
1370,108292,70.36215209960938,29.637845993041992
1371,136889,77.57090759277344,22.429094314575195
1372,109628,58.043128967285156,41.95686721801758
1373,104518,86.02195739746094,13.978044509887695
1374,109543,68.94830322265625,31.051698684692383
1375,108755,57.0714111328125,42.928592681884766
1376,108386,70.21844482421875,29.78155517578125
1377,162508,71.56981658935547,28.430187225341797
1378,108598,53.6146354675293,46.38536834716797
1379,108961,56.61509704589844,43.38490295410156
1380,108527,48.961788177490234,51.038211822509766
1381,109638,76.944580078125,23.055410385131836
1382,107974,79.01447296142578,20.98552894592285
1383,109726,85.6485366821289,14.351463317871094
1384,107736,12.715967178344727,87.28402709960938
1385,109021,84.09538269042969,15.904614448547363
1386,108529,69.10327911376953,30.89671516418457
1387,108640,33.0640869140625,66.9359130859375
1388,108969,93.95314025878906,6.046862602233887
1389,109712,81.20674133300781,18.79326629638672
1390,108295,30.83493423461914,69.16506958007812
1391,106199,4.386953353881836,95.61305236816406
1392,109371,60.32400131225586,39.67599868774414
1393,108991,89.80229949951172,10.197704315185547
1394,108665,68.71646881103516,31.283531188964844
1395,104642,13.749931335449219,86.25006866455078
1396,108881,74.87312316894531,25.12687110900879
1397,136684,77.75851440429688,22.241485595703125
1398,106742,44.04804229736328,55.95195770263672
1399,108498,76.2618637084961,23.738128662109375
1400,107618,47.752647399902344,52.24735641479492
1401,109060,49.937644958496094,50.06235885620117
1402,109417,56.93349838256836,43.06649398803711
1403,108262,63.405418395996094,36.59458541870117
1404,108672,65.92130279541016,34.078697204589844
1405,108554,71.5567398071289,28.44325828552246
1406,105163,30.280208587646484,69.71978759765625
1407,109544,58.16792297363281,41.83207702636719
1408,164527,62.04023361206055,37.95977020263672
1409,108209,30.244468688964844,69.75553131103516
1410,105925,10.33340072631836,89.66659545898438
1411,136518,44.63664627075195,55.36335754394531
1412,108770,71.6912841796875,28.3087215423584
1413,109494,62.09524154663086,37.90475845336914
1414,107976,53.952239990234375,46.047752380371094
1415,108919,34.90104293823242,65.09895324707031
1416,107194,67.63456726074219,32.36543273925781
1417,223501,85.68511199951172,14.314895629882812
1418,109635,87.61190795898438,12.388089179992676
1419,107247,6.589086532592773,93.4109115600586
1420,108383,81.56452941894531,18.43547821044922
1421,136722,61.253177642822266,38.746826171875
1422,108710,49.03059768676758,50.969398498535156
1423,108492,64.66203308105469,35.33796310424805
1424,108836,58.073974609375,41.926025390625
1425,109217,69.27847290039062,30.721527099609375
1426,160018,32.813148498535156,67.18685913085938
1427,109742,85.4400634765625,14.5599365234375
1428,108243,79.2580337524414,20.741968154907227
1429,109574,30.23162269592285,69.76837921142578
1430,106190,9.135976791381836,90.86402130126953
1431,109130,41.92060852050781,58.07939910888672
1432,107951,83.2579345703125,16.742061614990234
1433,109513,33.0504035949707,66.94960021972656
1434,108687,74.74524688720703,25.254756927490234
1435,109092,29.81667137145996,70.1833267211914
1436,106110,10.604156494140625,89.39583587646484
1437,136516,67.09609985351562,32.90390396118164
1438,108809,65.12065887451172,34.87933349609375
1439,109147,42.38658142089844,57.6134147644043
1440,136671,80.38517761230469,19.61482810974121
1441,164019,74.78593444824219,25.21406364440918
1442,107982,82.1123046875,17.8876953125
1443,108018,90.6841812133789,9.315818786621094
1444,108772,77.0290756225586,22.970922470092773
1445,108448,85.50458526611328,14.495409965515137
1446,136493,70.4592514038086,29.54075050354004
1447,136796,81.2040023803711,18.796003341674805
1448,108978,83.9513931274414,16.048608779907227
1449,108549,71.42781066894531,28.57218360900879
1450,109823,46.775306701660156,53.224693298339844
1451,109364,59.5904426574707,40.40956115722656
1452,109351,62.642906188964844,37.35708999633789
1453,104904,62.657814025878906,37.34218215942383
1454,136918,69.89851379394531,30.101486206054688
1455,108590,54.06028747558594,45.93971252441406
1456,108427,85.43190002441406,14.568093299865723
1457,136856,67.30633544921875,32.69366455078125
1458,164502,91.63670349121094,8.363292694091797
1459,108699,33.093196868896484,66.90680694580078
1460,136599,23.22079086303711,76.77921295166016
1461,109038,85.75495910644531,14.245033264160156
1462,108481,93.88311004638672,6.11688756942749
1463,136734,47.4922981262207,52.50770568847656
1464,109412,38.232757568359375,61.767242431640625
1465,108956,81.76558685302734,18.23441505432129
1466,108904,85.15350341796875,14.8464937210083
1467,136791,68.07569122314453,31.924306869506836
1468,109300,33.9741325378418,66.02587127685547
1469,164516,93.78643035888672,6.213573932647705
1470,136717,90.40787506103516,9.59212589263916
1471,106702,26.59333610534668,73.40666198730469
1472,109165,84.53718566894531,15.46281909942627
1473,136457,65.34771728515625,34.65228271484375
1474,107174,44.418792724609375,55.58121109008789
1475,108717,49.61520004272461,50.384796142578125
1476,108660,57.05323791503906,42.94676208496094
1477,109172,96.45828247070312,3.5417158603668213
1478,106233,15.608112335205078,84.39189147949219
1479,108570,62.93471908569336,37.065277099609375
1480,108325,62.2728271484375,37.7271728515625
1481,109381,49.99700927734375,50.00299072265625
1482,136763,31.632774353027344,68.36722564697266
1483,108340,32.3242301940918,67.67576599121094
1484,109848,61.50664138793945,38.49335861206055
1485,108675,27.73878288269043,72.26121520996094
1486,109247,83.36939239501953,16.630605697631836
1487,109451,80.49504089355469,19.50495719909668
1488,108584,76.6137924194336,23.38620948791504
1489,107334,31.67045783996582,68.32954406738281
1490,136735,66.17481994628906,33.825172424316406
1491,107278,17.380720138549805,82.61927795410156
1492,109734,68.66351318359375,31.33648109436035
1493,136899,62.44657516479492,37.55342483520508
1494,108227,93.3028335571289,6.697168350219727
1495,108625,86.65998077392578,13.340025901794434
1496,108816,73.15802001953125,26.841983795166016
1497,109546,5.299055099487305,94.70094299316406
1498,108664,78.323486328125,21.6765193939209
1499,105159,7.990631580352783,92.00936889648438
1500,107153,39.11264419555664,60.88735580444336
1501,106901,26.006572723388672,73.99342346191406
1502,136472,49.68794250488281,50.31206130981445
1503,108610,55.306602478027344,44.69340133666992
1504,109006,68.79924774169922,31.20075225830078
1505,108401,93.97238159179688,6.027617931365967
1506,108130,34.713478088378906,65.28651428222656
1507,106072,20.89006233215332,79.10993957519531
1508,105162,22.975187301635742,77.02481079101562
1509,108300,46.161537170410156,53.838462829589844
1510,107873,75.115234375,24.884765625
1511,108249,53.6219367980957,46.37806701660156
1512,108880,71.53572082519531,28.464279174804688
1513,136887,68.96124267578125,31.038755416870117
1514,109068,72.45136260986328,27.548646926879883
1515,109221,56.35151290893555,43.64849090576172
1516,136497,54.511688232421875,45.488304138183594
1517,136563,47.550018310546875,52.44997787475586
1518,109104,52.533103942871094,47.46689224243164
1519,109717,92.51119232177734,7.488805770874023
1520,108395,38.6383056640625,61.36170196533203
1521,109443,59.752620697021484,40.247379302978516
1522,136865,51.109188079833984,48.890811920166016
1523,108389,82.82770538330078,17.172298431396484
1524,108983,78.55144500732422,21.44854736328125
1525,108693,83.58594512939453,16.41405487060547
1526,107114,16.6472225189209,83.352783203125
1527,107989,67.38465881347656,32.61533737182617
1528,109284,28.958627700805664,71.04137420654297
1529,105142,23.525800704956055,76.47420501708984
1530,109637,82.56719970703125,17.43280029296875
1531,136579,69.73445129394531,30.265544891357422
1532,109085,79.01465606689453,20.9853458404541
1533,108391,45.940185546875,54.059810638427734
1534,159527,17.241832733154297,82.75817108154297
1535,109176,76.7800521850586,23.21994972229004
1536,104668,46.03508377075195,53.96491241455078
1537,107635,46.98056411743164,53.01943588256836
1538,109081,86.57953643798828,13.42046070098877
1539,136426,26.441320419311523,73.55867767333984
1540,108786,77.72907257080078,22.270923614501953
1541,108344,52.89690017700195,47.10310363769531
1542,109394,58.702754974365234,41.297245025634766
1543,109260,63.36375427246094,36.63624954223633
1544,108888,43.42399978637695,56.57600784301758
1545,107613,65.45044708251953,34.54955291748047
1546,109466,62.895076751708984,37.10492706298828
1547,109192,81.33094787597656,18.669050216674805
1548,136840,42.86753845214844,57.1324577331543
1549,108963,92.90687561035156,7.093128681182861
1550,109171,47.09965133666992,52.90034484863281
1551,108447,51.24798583984375,48.752017974853516
1552,104517,49.557769775390625,50.442230224609375
1553,104466,50.58671188354492,49.413291931152344
1554,104472,58.699214935302734,41.300785064697266
1555,109729,69.38764190673828,30.61235809326172
1556,136916,38.770084381103516,61.229915618896484
1557,108258,54.58919906616211,45.41079330444336
1558,109173,23.093505859375,76.906494140625
1559,107983,68.81734466552734,31.182659149169922
1560,108870,53.67656326293945,46.32343292236328
1561,107911,83.0126724243164,16.98732566833496
1562,105989,1.1949303150177002,98.8050765991211
1563,106969,3.371645927429199,96.62835693359375
1564,107950,31.5654239654541,68.4345703125
1565,108532,59.23405838012695,40.76593780517578
1566,107120,15.418500900268555,84.58149719238281
1567,108285,42.20634460449219,57.79365158081055
1568,164531,54.27241516113281,45.72758865356445
1569,108508,71.11846160888672,28.88153839111328
1570,136822,44.180213928222656,55.81978988647461
1571,107192,27.27109718322754,72.7289047241211
1572,104439,66.18765258789062,33.812339782714844
1573,161001,51.49174499511719,48.50825881958008
1574,136557,56.70429992675781,43.29570007324219
1575,108811,66.04902648925781,33.95097732543945
1576,108980,16.5216064453125,83.4783935546875
1577,109244,64.28492736816406,35.71508026123047
1578,108979,64.6502685546875,35.3497314453125
1579,165512,53.42810821533203,46.5718994140625
1580,108235,78.61798095703125,21.382022857666016
1581,108438,60.323036193847656,39.676971435546875
1582,136524,63.240604400634766,36.7593994140625
1583,108998,71.60881805419922,28.391185760498047
1584,109511,29.19816017150879,70.80183410644531
1585,108648,53.55339050292969,46.44660949707031
1586,108474,59.92524719238281,40.07475280761719
1587,108970,64.24539184570312,35.754608154296875
1588,109835,80.75947570800781,19.240528106689453
1589,108742,65.32482147216797,34.67517852783203
1590,108310,87.00442504882812,12.99557876586914
1591,157508,62.3917236328125,37.60828399658203
1592,109767,50.13703155517578,49.86296463012695
1593,109131,62.123435974121094,37.87656021118164
1594,107985,74.42521667480469,25.574785232543945
1595,159523,17.55940818786621,82.44058990478516
1596,108275,67.36912536621094,32.63087463378906
1597,108407,85.95848846435547,14.04151725769043
1598,107528,30.912431716918945,69.08757019042969
1599,109588,22.494033813476562,77.50596618652344
1600,105908,6.130273342132568,93.8697280883789
1601,157504,12.806070327758789,87.19393157958984
1602,109035,71.30440521240234,28.695600509643555
1603,105165,11.685545921325684,88.314453125
1604,109141,25.800207138061523,74.19979858398438
1605,109719,86.64865112304688,13.351356506347656
1606,109755,37.290924072265625,62.709075927734375
1607,109143,61.9588737487793,38.0411262512207
1608,108102,66.47732543945312,33.522666931152344
1609,136884,68.61180114746094,31.38819694519043
1610,108907,82.79698181152344,17.20301055908203
1611,158518,30.51604652404785,69.48395538330078
1612,108078,14.164444923400879,85.83555603027344
1613,136540,90.25371551513672,9.746285438537598
1614,136548,79.04542541503906,20.954578399658203
1615,136694,40.09845733642578,59.901546478271484
1616,108637,93.3648910522461,6.63510799407959
1617,136808,16.435354232788086,83.56465148925781
1618,158530,75.02535247802734,24.974647521972656
1619,104961,70.73251342773438,29.26749038696289
1620,108131,36.89082717895508,63.10917663574219
1621,159504,39.199851989746094,60.800140380859375
1622,107058,51.3521728515625,48.6478271484375
1623,104926,52.3485107421875,47.6514892578125
1624,108599,69.90670776367188,30.093292236328125
1625,108537,73.67166137695312,26.328340530395508
1626,108136,19.521257400512695,80.4787368774414
1627,108244,93.71865844726562,6.281342506408691
1628,105530,0.3372401297092438,99.66276550292969
1629,107167,22.39423179626465,77.60577392578125
1630,109110,49.0421028137207,50.95789337158203
1631,108253,72.66561889648438,27.334383010864258
1632,109277,32.258827209472656,67.74117279052734
1633,109521,10.474836349487305,89.52516174316406
1634,107923,86.04241943359375,13.9575777053833
1635,109585,38.94336700439453,61.05663299560547
1636,222503,94.97901153564453,5.020990371704102
1637,108159,71.81641387939453,28.18358612060547
1638,108656,55.02644729614258,44.97355270385742
1639,109437,31.877267837524414,68.12273406982422
1640,136593,79.84059143066406,20.159404754638672
1641,107965,34.00318145751953,65.99681091308594
1642,136651,56.002689361572266,43.997310638427734
1643,108311,92.93685913085938,7.063145160675049
1644,108863,63.75823211669922,36.24177169799805
1645,109337,36.94791030883789,63.052093505859375
1646,109072,88.42497253417969,11.575026512145996
1647,108216,94.74748229980469,5.2525153160095215
1648,106064,15.605142593383789,84.39485931396484
1649,159502,29.42671775817871,70.57328033447266
1650,109186,60.56245040893555,39.43754577636719
1651,108464,64.407958984375,35.592044830322266
1652,109496,43.92085266113281,56.07914733886719
1653,136742,63.53981018066406,36.46019744873047
1654,108342,37.397377014160156,62.60262680053711
1655,108918,47.71113586425781,52.28886032104492
1656,108267,50.20644760131836,49.793548583984375
1657,109482,84.74906158447266,15.250936508178711
1658,109223,71.18424224853516,28.81576156616211
1659,104864,8.742499351501465,91.25749206542969
1660,104674,29.72145652770996,70.27853393554688
1661,109252,84.11897277832031,15.88103199005127
1662,108264,61.68608856201172,38.31391143798828
1663,107921,78.01319122314453,21.986804962158203
1664,136532,77.42474365234375,22.575265884399414
1665,107630,14.389669418334961,85.6103286743164
1666,107161,75.81770324707031,24.18229866027832
1667,109836,93.34017944335938,6.659823417663574
1668,108666,64.40999603271484,35.59001159667969
1669,108608,64.45053100585938,35.549468994140625
1670,136673,62.16135025024414,37.838645935058594
1671,109856,42.39563751220703,57.604366302490234
1672,136852,49.5523796081543,50.4476203918457
1673,109066,62.49280548095703,37.507198333740234
1674,104475,32.77425003051758,67.22574615478516
1675,107917,88.66502380371094,11.334980010986328
1676,104521,37.663475036621094,62.33652114868164
1677,108877,83.11918640136719,16.880815505981445
1678,108432,85.93236541748047,14.067636489868164
1679,136531,81.45164489746094,18.54835319519043
1680,223511,70.8443374633789,29.155668258666992
1681,107095,5.984577655792236,94.01542663574219
1682,109512,6.741103649139404,93.25889587402344
1683,136434,55.616493225097656,44.38351058959961
1684,108872,69.16497039794922,30.835025787353516
1685,136478,67.85305786132812,32.146942138671875
1686,227001,41.69328308105469,58.30671310424805
1687,136491,64.70881652832031,35.29118728637695
1688,109146,44.78779602050781,55.21220397949219
1689,109309,51.63332748413086,48.36666488647461
1690,109215,85.5274429321289,14.47255802154541
1691,164509,54.00266647338867,45.997337341308594
1692,107612,21.494434356689453,78.50556945800781
1693,108220,51.83724594116211,48.16275405883789
1694,106100,18.460412979125977,81.53958892822266
1695,136647,54.831905364990234,45.168094635009766
1696,108390,93.19031524658203,6.809689044952393
1697,108571,60.25704574584961,39.74295425415039
1698,108525,74.19813537597656,25.80186653137207
1699,108851,62.04262924194336,37.95736312866211
1700,108607,59.92075729370117,40.0792350769043
1701,108247,84.05967712402344,15.940324783325195
1702,108365,38.973304748535156,61.02669143676758
1703,108730,21.936233520507812,78.06375885009766
1704,108974,75.32716369628906,24.672836303710938
1705,108906,79.48285675048828,20.51714515686035
1706,109266,25.069595336914062,74.93040466308594
1707,108402,88.4098892211914,11.590109825134277
1708,108834,77.46175384521484,22.538240432739258
1709,108480,97.06423950195312,2.9357619285583496
1710,108627,88.18495178222656,11.815047264099121
1711,109532,37.6646842956543,62.33531188964844
1712,136676,77.26311492919922,22.736879348754883
1713,106731,31.952167510986328,68.04783630371094
1714,108736,62.83018112182617,37.16981887817383
1715,109339,85.79706573486328,14.202933311462402
1716,108204,45.6188850402832,54.3811149597168
1717,136525,49.039859771728516,50.96013641357422
1718,107527,62.85316467285156,37.14683532714844
1719,108544,61.623966217041016,38.37602996826172
1720,107896,63.241153717041016,36.75885009765625
1721,106598,27.617752075195312,72.38224792480469
1722,108149,20.88266372680664,79.11734008789062
1723,109034,79.08524322509766,20.914752960205078
1724,136547,82.39612579345703,17.603870391845703
1725,109360,18.380781173706055,81.61922454833984
1726,136603,35.359039306640625,64.64096069335938
1727,109064,76.63900756835938,23.360992431640625
1728,108493,72.57601928710938,27.42397689819336
1729,109402,89.69599914550781,10.303996086120605
1730,109463,75.46785736083984,24.53214454650879
1731,108420,90.2427749633789,9.757227897644043
1732,107372,35.29165267944336,64.70834350585938
1733,107426,55.73379898071289,44.266204833984375
1734,108521,71.8283920288086,28.171607971191406
1735,108491,60.659141540527344,39.34086227416992
1736,136910,88.36780548095703,11.632198333740234
1737,108583,52.144927978515625,47.855072021484375
1738,108556,21.351884841918945,78.64811706542969
1739,109231,59.219730377197266,40.780269622802734
1740,107156,67.31756591796875,32.682437896728516
1741,104896,48.403804779052734,51.596195220947266
1742,108531,77.7831802368164,22.216814041137695
1743,106740,44.10932922363281,55.89067459106445
1744,109477,45.834957122802734,54.165042877197266
1745,109743,91.89213562011719,8.107858657836914
1746,109539,85.16107940673828,14.83892822265625
1747,107867,86.10389709472656,13.896102905273438
1748,108453,73.3365478515625,26.6634521484375
1749,104678,20.789478302001953,79.21051788330078
1750,107531,63.46806716918945,36.53192901611328
1751,107946,69.96910858154297,30.03089141845703
1752,108283,73.17105102539062,26.828950881958008
1753,136512,63.15309524536133,36.84690475463867
1754,109357,35.81501770019531,64.18497467041016
1755,108533,61.49913024902344,38.50087356567383
1756,107599,27.364212036132812,72.63579559326172
1757,108456,44.46105194091797,55.53894805908203
1758,109850,42.96722412109375,57.03277587890625
1759,105555,2.175644874572754,97.82435607910156
1760,107339,59.04052734375,40.959468841552734
1761,136858,25.1458683013916,74.85413360595703
1762,108425,36.53431701660156,63.46567916870117
1763,109807,50.811092376708984,49.188907623291016
1764,109303,62.50529861450195,37.49470138549805
1765,107401,28.24663734436035,71.75335693359375
1766,108932,51.642513275146484,48.357486724853516
1767,107814,51.62263488769531,48.37736511230469
1768,108323,70.50892639160156,29.491065979003906
1769,109306,70.22058868408203,29.77941131591797
1770,230001,20.98917579650879,79.01082611083984
1771,109163,92.90818786621094,7.091815948486328
1772,164526,35.820457458496094,64.1795425415039
1773,107591,50.51200866699219,49.48799514770508
1774,109160,59.434173583984375,40.565826416015625
1775,109828,52.708580017089844,47.291419982910156
1776,106077,48.4760856628418,51.52391052246094
1777,108158,44.83824920654297,55.16175079345703
1778,157509,42.92607116699219,57.07392883300781
1779,108403,87.5993881225586,12.400617599487305
1780,108705,61.89872741699219,38.101280212402344
1781,108294,36.101619720458984,63.89838409423828
1782,109421,59.08500671386719,40.91499328613281
1783,108223,94.35011291503906,5.649887561798096
1784,160508,18.61927032470703,81.38072967529297
1785,108397,62.462703704833984,37.53729248046875
1786,109194,71.83891296386719,28.16108512878418
1787,108751,81.99014282226562,18.009859085083008
1788,106722,12.676586151123047,87.32341766357422
1789,109316,27.37779998779297,72.62220764160156
1790,136687,78.92993927001953,21.07006072998047
1791,109826,54.14439392089844,45.85560607910156
1792,109261,55.47941207885742,44.52058410644531
1793,108628,44.72279739379883,55.277198791503906
1794,136500,21.978254318237305,78.02174377441406
1795,109401,45.17720031738281,54.82280349731445
1796,108410,29.727214813232422,70.27278900146484
1797,109817,65.67028045654297,34.32971954345703
1798,107532,13.47814655303955,86.52185821533203
1799,109135,66.42535400390625,33.574642181396484
1800,136583,44.105262756347656,55.89473342895508
1801,108290,30.392560958862305,69.60743713378906
1802,108797,68.81663513183594,31.1833553314209
1803,109011,76.1419906616211,23.858009338378906
1804,109164,85.58135986328125,14.418639183044434
1805,108631,81.17623138427734,18.823768615722656
1806,109533,82.48702239990234,17.512977600097656
1807,109162,78.51704406738281,21.482952117919922
1808,108911,61.46687316894531,38.53313064575195
1809,107586,57.81830596923828,42.18169021606445
1810,108952,68.15583038330078,31.84417152404785
1811,136660,68.53194427490234,31.46805763244629
1812,108487,80.48402404785156,19.515972137451172
1813,109059,80.5345230102539,19.465471267700195
1814,107365,26.851856231689453,73.14813995361328
1815,136539,88.12389373779297,11.87610149383545
1816,108284,71.57318878173828,28.426807403564453
1817,104879,16.48662567138672,83.51338195800781
1818,104915,58.674442291259766,41.325557708740234
1819,109633,64.72733306884766,35.272674560546875
1820,136458,57.793270111083984,42.206729888916016
1821,136536,80.72473907470703,19.275264739990234
1822,165511,54.22523498535156,45.7747688293457
1823,109561,28.544919967651367,71.455078125
1824,109185,83.16423034667969,16.83576774597168
1825,109290,69.25935363769531,30.740646362304688
1826,109319,25.682119369506836,74.31788635253906
1827,105645,4.844959735870361,95.15504455566406
1828,108446,61.23961639404297,38.76038360595703
1829,109205,47.10101318359375,52.89898681640625
1830,165010,66.32207489013672,33.67792510986328
1831,107961,56.37373352050781,43.62627029418945
1832,162501,15.68627643585205,84.313720703125
1833,109270,54.31275939941406,45.6872444152832
1834,108959,75.88813018798828,24.111875534057617
1835,109408,94.21279907226562,5.787194728851318
1836,109254,87.20962524414062,12.790380477905273
1837,136595,49.56298828125,50.437007904052734
1838,108238,91.4063720703125,8.593626022338867
1839,108050,11.923571586608887,88.07643127441406
1840,108488,70.25459289550781,29.745399475097656
1841,108308,68.15138244628906,31.848621368408203
1842,105919,19.042612075805664,80.95738983154297
1843,105958,13.58222770690918,86.41777801513672
1844,107492,17.96489906311035,82.03510284423828
1845,108545,63.796871185302734,36.203128814697266
1846,107162,37.526763916015625,62.473236083984375
1847,107523,63.15074157714844,36.84925842285156
1848,108172,25.63233757019043,74.36766815185547
1849,108061,77.0456314086914,22.954370498657227
1850,104881,35.10152053833008,64.89847564697266
1851,136522,63.90848922729492,36.09150695800781
1852,109695,33.474205017089844,66.52579498291016
1853,107430,49.95197296142578,50.048030853271484
1854,108543,75.50164794921875,24.498355865478516
1855,108431,82.45989990234375,17.540096282958984
1856,108052,36.32810592651367,63.67189407348633
1857,107006,37.29832458496094,62.70167922973633
1858,136737,65.85298919677734,34.147010803222656
1859,109358,65.50629425048828,34.493709564208984
1860,136777,81.96401977539062,18.035972595214844
1861,109090,90.87509155273438,9.124907493591309
1862,106132,2.946251153945923,97.05374908447266
1863,108016,86.0826644897461,13.917335510253906
1864,107845,6.085843086242676,93.91415405273438
1865,108702,18.5797061920166,81.4202880859375
1866,109275,82.54236602783203,17.457632064819336
1867,107948,70.57079315185547,29.429201126098633
1868,108509,65.34095001220703,34.6590576171875
1869,107032,60.081417083740234,39.9185905456543
1870,107628,24.766096115112305,75.23390197753906
1871,108137,25.924152374267578,74.07585144042969
1872,109396,83.25545501708984,16.744543075561523
1873,108202,90.33048248291016,9.669522285461426
1874,109128,72.78596496582031,27.214035034179688
1875,109469,66.18666076660156,33.81333923339844
1876,104465,26.774396896362305,73.2256088256836
1877,108697,86.48303985595703,13.516965866088867
1878,107130,47.01545333862305,52.98454666137695
1879,136890,59.39866256713867,40.60133361816406
1880,108801,70.25911712646484,29.74087905883789
1881,107880,37.93201446533203,62.06797790527344
1882,106892,50.50772476196289,49.492271423339844
1883,109091,45.782928466796875,54.217071533203125
1884,107597,26.013357162475586,73.98664093017578
1885,108175,64.93390655517578,35.06608963012695
1886,136571,80.77286529541016,19.227130889892578
1887,109846,60.1724853515625,39.82750701904297
1888,106063,23.23086929321289,76.76913452148438
1889,107577,67.31477355957031,32.68523025512695
1890,109267,36.55304718017578,63.44695281982422
1891,109834,84.58553314208984,15.41446590423584
1892,108421,35.54081726074219,64.45918273925781
1893,109349,35.34625244140625,64.65374755859375
1894,109214,83.12451171875,16.87548828125
1895,107353,15.525094032287598,84.47490692138672
1896,107033,19.4882869720459,80.51171112060547
1897,109289,46.71200180053711,53.288002014160156
1898,106719,11.862317085266113,88.13768005371094
1899,107890,88.19254302978516,11.807455062866211
1900,136811,42.54623794555664,57.453758239746094
1901,104483,14.327648162841797,85.67234802246094
1902,104511,74.29299926757812,25.707000732421875
1903,109137,72.72587585449219,27.274126052856445
1904,108304,87.9537582397461,12.046247482299805
1905,136813,32.19266891479492,67.80733489990234
1906,109815,68.93722534179688,31.062772750854492
1907,106726,10.953017234802246,89.04698181152344
1908,109342,84.40711212158203,15.592886924743652
1909,109179,93.47753143310547,6.522475719451904
1910,136773,57.58621597290039,42.413787841796875
1911,136430,57.809715270996094,42.19028854370117
1912,107226,13.41885757446289,86.58113861083984
1913,109067,75.05644989013672,24.943544387817383
1914,136672,48.93586349487305,51.06413269042969
1915,108548,65.04658508300781,34.95341873168945
1916,109053,76.31317138671875,23.68682861328125
1917,109625,32.76161193847656,67.23838806152344
1918,163002,72.1893539428711,27.810651779174805
1919,104609,23.659637451171875,76.34036254882812
1920,136530,83.91655731201172,16.083446502685547
1921,136444,31.439453125,68.560546875
1922,108749,56.54890441894531,43.45109939575195
1923,108650,76.15757751464844,23.842416763305664
1924,109575,15.489636421203613,84.5103530883789
1925,104514,58.71272277832031,41.28727722167969
1926,107594,63.218326568603516,36.78167724609375
1927,106133,4.445301532745361,95.55469512939453
1928,109738,95.64512634277344,4.354877471923828
1929,107625,40.62189483642578,59.37811279296875
1930,109663,26.73455810546875,73.26544189453125
1931,108642,74.51641845703125,25.483577728271484
1932,167501,78.45076751708984,21.54923439025879
1933,109626,53.040714263916016,46.959285736083984
1934,108316,80.55249786376953,19.447494506835938
1935,109791,42.31810760498047,57.681888580322266
1936,109506,76.7027359008789,23.297258377075195
1937,104763,37.863365173339844,62.13663864135742
1938,109151,45.702457427978516,54.297542572021484
1939,107980,36.91688919067383,63.08311080932617
1940,105695,9.104520797729492,90.89547729492188
1941,109294,74.85035705566406,25.149646759033203
1942,109314,31.285602569580078,68.71440124511719
1943,164520,37.12697219848633,62.87303161621094
1944,108879,72.6841812133789,27.31581687927246
1945,108211,83.3188705444336,16.68113136291504
1946,109272,68.81134796142578,31.18865203857422
1947,108923,30.573139190673828,69.4268569946289
1948,108422,72.05211639404297,27.947879791259766
1949,136810,67.31777954101562,32.682228088378906
1950,108815,82.72441864013672,17.27558135986328
1951,109425,65.46233367919922,34.53767013549805
1952,108501,70.1570053100586,29.843000411987305
1953,108986,62.99675750732422,37.00324249267578
1954,106914,3.5779523849487305,96.42204284667969
1955,136812,58.09499740600586,41.905006408691406
1956,107947,76.87120819091797,23.12879180908203
1957,108985,84.07443237304688,15.92556381225586
1958,136731,79.65348052978516,20.346519470214844
1959,107993,25.502607345581055,74.49739837646484
1960,109847,58.516387939453125,41.483604431152344
1961,109485,70.1482162475586,29.851781845092773
1962,108205,52.10793685913086,47.89206314086914
1963,225501,86.64083862304688,13.359153747558594
1964,108288,69.38101959228516,30.618980407714844
1965,107688,53.14272689819336,46.857269287109375
1966,107054,54.2191162109375,45.7808837890625
1967,107651,8.795135498046875,91.2048568725586
1968,136437,38.000099182128906,61.99990463256836
1969,109344,40.2515754699707,59.7484245300293
1970,108852,73.38483428955078,26.615163803100586
1971,104428,23.938720703125,76.061279296875
1972,108138,34.09657669067383,65.9034194946289
1973,106766,43.8946647644043,56.10533905029297
1974,108954,87.66313171386719,12.336872100830078
1975,136728,84.8268814086914,15.173116683959961
1976,109014,74.77383422851562,25.226167678833008
1977,109280,54.35590744018555,45.64409637451172
1978,136489,51.63245391845703,48.36754608154297
1979,108059,37.128971099853516,62.87103271484375
1980,108252,61.211978912353516,38.78802490234375
1981,109234,59.5888786315918,40.41111373901367
1982,108711,67.20008850097656,32.79991149902344
1983,106192,51.6399040222168,48.36009979248047
1984,107434,42.16776657104492,57.83224105834961
1985,104492,14.846426010131836,85.15357208251953
1986,136630,18.39253044128418,81.60746765136719
1987,107624,62.5108528137207,37.48914337158203
1988,108967,74.27135467529297,25.728639602661133
1989,109336,80.479736328125,19.520265579223633
1990,108892,27.758464813232422,72.24153900146484
1991,136769,47.50880432128906,52.49119567871094
1992,109087,45.37200164794922,54.62800216674805
1993,163506,51.27870559692383,48.72129440307617
1994,106216,4.135629653930664,95.86437225341797
1995,109831,85.36969757080078,14.63031005859375
1996,108856,51.24049377441406,48.75950241088867
1997,107363,75.80095672607422,24.199050903320312
1998,107981,46.73700714111328,53.26298904418945
1999,104703,7.406196594238281,92.59380340576172
2000,108743,66.72064971923828,33.27935028076172
2001,108503,35.68415832519531,64.31584167480469
2002,108229,91.60203552246094,8.397970199584961
2003,108240,20.95244598388672,79.04754638671875
2004,106022,41.90900421142578,58.09099578857422
2005,107877,76.97049713134766,23.029499053955078
2006,107892,50.346038818359375,49.65395736694336
2007,108617,60.5346794128418,39.46531295776367
2008,107171,35.28603744506836,64.71395874023438
2009,109220,62.61042785644531,37.38956832885742
2010,136780,55.89311599731445,44.10688400268555
2011,164008,42.121826171875,57.878173828125
2012,106692,11.665790557861328,88.3342056274414
2013,136582,62.41445541381836,37.585540771484375
2014,107888,27.230125427246094,72.76986694335938
2015,109093,46.17415237426758,53.82584762573242
2016,107869,59.82871627807617,40.17127990722656
2017,108781,58.40412521362305,41.59587097167969
2018,136825,39.55926513671875,60.440731048583984
2019,109527,70.29241180419922,29.707590103149414
2020,108384,74.47547912597656,25.524520874023438
2021,105928,8.102171897888184,91.89781951904297
2022,109235,44.37773513793945,55.62226867675781
2023,107533,55.19271469116211,44.807289123535156
2024,164016,73.5035171508789,26.496482849121094
2025,109323,90.19020080566406,9.809791564941406
2026,108321,77.32940673828125,22.670597076416016
2027,105145,29.6141414642334,70.38585662841797
2028,105144,24.53873062133789,75.46126556396484
2029,136503,56.9987907409668,43.0012092590332
2030,136485,62.978981018066406,37.021018981933594
2031,108024,32.24827575683594,67.75172424316406
2032,108773,61.14570999145508,38.85429382324219
2033,108941,31.799598693847656,68.20039367675781
